City_ID,City,Country,Date,Lat,Lng,Max Temp,Humidity,Cloudiness,Wind Speed
0,Ramon,PH,2020-07-06 20:07:56,16.78,121.53,73.99,89,18,2.46
1,Rikitea,PF,2020-07-06 20:07:56,-23.12,-134.97,73.71,81,93,9.1
2,Tevaitoa,PF,2020-07-06 20:07:56,-16.78,-151.5,79.36,79,66,16.28
3,Panguna,PG,2020-07-06 20:07:56,-6.32,155.48,67.24,95,95,1.99
4,Ribeira Grande,PT,2020-07-06 20:07:56,38.52,-28.7,73.4,64,20,11.41
5,Kavieng,PG,2020-07-06 20:07:57,-2.57,150.8,82.15,77,73,13.73
6,Flinders,AU,2020-07-06 20:07:57,-34.58,150.86,48.0,84,13,1.01
7,Bambous Virieux,MU,2020-07-06 20:07:57,-20.34,57.76,73.4,94,75,4.7
8,Chapais,CA,2020-07-06 20:07:57,49.78,-74.85,78.8,26,1,5.82
9,Albany,US,2020-07-06 20:05:02,42.6,-73.97,89.01,34,5,5.1
10,Sokoni,TZ,2020-07-06 20:07:57,-6.43,39.55,77.0,73,20,11.41
11,Mataura,NZ,2020-07-06 20:07:58,-46.19,168.86,44.04,92,100,8.19
12,Salta,AR,2020-07-06 20:07:58,-24.79,-65.41,51.8,57,98,4.7
13,Lima,PE,2020-07-06 20:07:16,-12.04,-77.03,64.4,72,90,5.82
14,Port Alfred,ZA,2020-07-06 20:07:58,-33.59,26.89,73.0,26,0,5.01
15,Kenai,US,2020-07-06 20:07:58,60.55,-151.26,55.99,87,90,10.29
16,Ushuaia,AR,2020-07-06 20:07:59,-54.8,-68.3,33.8,80,1,6.51
17,Ixtapa,MX,2020-07-06 20:07:59,20.7,-105.2,89.01,74,40,14.99
18,Mezhdurechensk,RU,2020-07-06 20:06:25,53.69,88.06,58.62,92,98,2.98
19,Yellowknife,CA,2020-07-06 20:07:59,62.46,-114.35,66.2,42,75,19.46
20,Yako,BF,2020-07-06 20:07:59,12.97,-2.27,92.75,38,46,6.02
21,Butaritari,KI,2020-07-06 20:08:00,3.07,172.79,83.84,73,71,14.83
22,Dikson,RU,2020-07-06 20:08:00,73.51,80.55,50.61,67,0,14.97
23,Kaitangata,NZ,2020-07-06 20:08:00,-46.28,169.85,46.0,80,100,17.0
24,Cape Town,ZA,2020-07-06 20:06:30,-33.93,18.42,61.0,93,75,11.41
25,Taunggyi,MM,2020-07-06 20:08:00,20.78,97.03,62.47,100,100,3.02
26,Molteno,ZA,2020-07-06 20:08:01,-31.4,26.36,48.29,42,0,16.53
27,Punta Arenas,CL,2020-07-06 20:08:01,-53.15,-70.92,30.2,92,40,6.93
28,Centerville,US,2020-07-06 20:05:11,39.63,-84.16,93.99,46,40,10.29
29,El Cope,PA,2020-07-06 20:08:01,8.62,-80.6,82.4,81,75,6.93
30,Sibolga,ID,2020-07-06 20:08:01,1.74,98.78,74.97,85,63,5.06
31,Mount Gambier,AU,2020-07-06 20:08:02,-37.83,140.77,48.2,93,90,1.12
32,Saskylakh,RU,2020-07-06 20:08:02,71.92,114.08,44.2,81,100,10.56
33,San Quintin,MX,2020-07-06 20:08:02,30.48,-115.95,78.22,51,0,13.33
34,Sheridan,US,2020-07-06 20:08:02,44.83,-106.92,87.01,35,1,3.09
35,Denison,US,2020-07-06 20:08:03,33.76,-96.54,81.0,88,75,4.7
36,Victoria,HK,2020-07-06 20:08:03,22.29,114.16,86.0,70,100,8.01
37,Borshchiv,UA,2020-07-06 20:08:03,48.8,26.04,69.01,82,0,3.0
38,Barrow,US,2020-07-06 20:07:15,71.29,-156.79,33.8,79,90,13.87
39,Norman Wells,CA,2020-07-06 20:08:03,65.28,-126.83,50.0,87,90,11.41
40,Saldanha,ZA,2020-07-06 20:08:04,-33.01,17.94,59.0,82,33,2.24
41,Port Elizabeth,ZA,2020-07-06 20:08:04,-33.92,25.57,60.8,51,0,11.41
42,Avarua,CK,2020-07-06 20:08:04,-21.21,-159.78,73.4,73,100,16.11
43,Saint George,US,2020-07-06 20:07:38,37.1,-113.58,102.99,9,1,5.82
44,Soavinandriana,MG,2020-07-06 20:08:04,-19.17,46.73,52.18,91,0,6.02
45,Gat,IL,2020-07-06 20:08:05,31.61,34.76,78.01,79,0,2.93
46,Saint-Joseph,RE,2020-07-06 20:08:05,-21.37,55.62,71.6,94,75,13.87
47,Daru,PG,2020-07-06 20:08:05,-9.08,143.21,76.71,87,48,17.56
48,Bredasdorp,ZA,2020-07-06 20:08:05,-34.53,20.04,59.0,77,0,9.17
49,Kodiak,US,2020-07-06 20:08:05,57.79,-152.41,55.4,93,75,6.06
50,Bluff,NZ,2020-07-06 20:08:05,-46.6,168.33,47.19,75,97,18.16
51,Cayenne,GF,2020-07-06 20:08:06,4.93,-52.33,86.0,70,0,9.17
52,Hobart,AU,2020-07-06 20:07:39,-42.88,147.33,42.8,79,40,6.93
53,Castro,BR,2020-07-06 20:08:03,-24.79,-50.01,65.17,84,47,2.64
54,Sobolevo,RU,2020-07-06 20:08:06,54.43,31.9,66.61,93,0,7.43
55,Port-Gentil,GA,2020-07-06 20:08:06,-0.72,8.78,77.0,83,75,8.05
56,Brewster,US,2020-07-06 20:04:29,41.4,-73.62,91.99,43,20,11.41
57,Chuy,UY,2020-07-06 20:08:06,-33.7,-53.46,51.55,75,81,6.06
58,Tuktoyaktuk,CA,2020-07-06 20:08:07,69.45,-133.04,44.6,87,90,10.29
59,La Gomera,GT,2020-07-06 20:08:07,14.08,-91.05,84.2,79,90,16.11
60,Busselton,AU,2020-07-06 20:08:07,-33.65,115.33,55.99,62,64,14.85
61,New Norfolk,AU,2020-07-06 20:08:07,-42.78,147.06,39.0,82,5,3.0
62,Bitung,ID,2020-07-06 20:08:07,1.45,125.18,73.4,94,20,10.6
63,Clyde River,CA,2020-07-06 20:08:08,70.47,-68.59,42.8,81,75,5.82
64,Belaya Gora,RU,2020-07-06 20:08:08,68.53,146.42,46.27,88,100,7.52
65,Bonavista,CA,2020-07-06 20:08:08,48.65,-53.11,54.0,83,100,1.99
66,Severo-Kurilsk,RU,2020-07-06 20:08:08,50.68,156.12,54.43,79,19,6.46
67,Pisco,PE,2020-07-06 20:07:14,-13.7,-76.22,64.99,82,20,10.29
68,Grand-Lahou,CI,2020-07-06 20:08:08,5.14,-5.02,75.67,85,90,11.07
69,Nakamura,JP,2020-07-06 20:08:09,32.98,132.93,77.27,92,100,7.38
70,Upernavik,GL,2020-07-06 20:08:09,72.79,-56.15,43.57,77,100,8.9
71,Vaini,TO,2020-07-06 20:08:09,-21.2,-175.2,77.0,88,40,9.17
72,Bengkulu,ID,2020-07-06 20:08:09,-3.8,102.27,76.05,86,74,4.68
73,Hoquiam,US,2020-07-06 20:08:09,46.98,-123.89,64.0,82,40,5.82
74,Lebu,CL,2020-07-06 20:08:10,-37.62,-73.65,49.15,61,97,5.01
75,Cesme,TR,2020-07-06 20:08:10,38.32,26.31,80.6,78,20,8.48
76,Giyani,ZA,2020-07-06 20:08:10,-23.3,30.72,59.16,38,0,2.01
77,Bonfim,BR,2020-07-06 20:08:10,3.08,-59.95,85.75,65,99,0.94
78,Kungurtug,RU,2020-07-06 20:08:10,50.6,97.52,52.05,79,96,2.68
79,California City,US,2020-07-06 20:08:11,35.13,-117.99,100.99,12,1,13.87
80,Sitka,US,2020-07-06 20:08:11,57.05,-135.33,57.2,82,75,11.41
81,Zhezkazgan,KZ,2020-07-06 20:08:11,47.8,67.71,74.3,45,100,9.37
82,Guerrero Negro,MX,2020-07-06 20:08:11,27.98,-114.06,84.45,35,51,14.05
83,Jamestown,US,2020-07-06 20:08:11,42.1,-79.24,84.99,54,40,10.29
84,Itum-Kale,RU,2020-07-06 20:08:12,42.74,45.58,68.4,34,20,8.99
85,Churapcha,RU,2020-07-06 20:08:12,62.0,132.43,54.82,65,92,1.59
86,Sao Joao Do Piaui,BR,2020-07-06 20:08:12,-8.36,-42.25,87.04,40,0,7.61
87,Saint-Philippe,RE,2020-07-06 20:08:12,-21.36,55.77,73.4,94,75,13.87
88,Aitape,PG,2020-07-06 20:08:12,-3.14,142.35,77.38,81,97,5.82
89,Fortuna,US,2020-07-06 20:08:12,40.6,-124.16,63.0,77,75,14.99
90,Atuona,PF,2020-07-06 20:08:12,-9.8,-139.03,78.91,76,4,13.02
91,Nikolskoye,RU,2020-07-06 20:08:13,59.7,30.79,64.4,68,74,4.47
92,Asau,RO,2020-07-06 20:08:13,46.43,26.4,66.99,79,80,3.58
93,Loukhi,RU,2020-07-06 20:08:13,66.08,33.04,54.19,89,76,11.68
94,Port Moresby,PG,2020-07-06 20:08:13,-9.44,147.18,75.2,88,40,6.93
95,Talnakh,RU,2020-07-06 20:08:13,69.49,88.4,53.6,93,71,6.71
96,Aldan,RU,2020-07-06 20:08:14,58.6,125.39,45.32,92,0,3.38
97,Qaanaaq,GL,2020-07-06 20:08:14,77.48,-69.36,46.15,56,0,1.59
98,Zhigansk,RU,2020-07-06 20:08:14,66.77,123.37,47.3,67,80,5.53
99,Khudaganj,IN,2020-07-06 20:08:14,28.15,79.72,85.57,71,100,7.63
100,Buyabod,PH,2020-07-06 20:08:14,13.47,122.05,81.27,78,0,4.99
101,Pratapgarh,IN,2020-07-06 20:08:05,24.03,74.78,78.21,86,100,8.79
102,Georgetown,MY,2020-07-06 20:04:22,5.41,100.34,78.8,94,20,3.36
103,Andenes,NO,2020-07-06 20:08:15,69.31,16.12,50.0,87,75,10.29
104,Nacogdoches,US,2020-07-06 20:08:15,31.6,-94.63,84.0,69,1,5.82
105,Luderitz,NA,2020-07-06 20:08:15,-26.65,15.16,53.6,93,92,10.29
106,Lompoc,US,2020-07-06 20:07:26,34.64,-120.46,69.01,63,0,14.99
107,Prince George,CA,2020-07-06 20:05:02,53.92,-122.75,69.01,59,1,5.82
108,Matola,MZ,2020-07-06 20:08:16,-25.96,32.46,68.0,82,0,14.99
109,Kaeo,NZ,2020-07-06 20:08:16,-35.1,173.78,50.0,3,0,5.01
110,Ancud,CL,2020-07-06 20:08:16,-41.87,-73.82,52.0,70,39,4.7
111,Puerto Ayora,EC,2020-07-06 20:08:16,-0.74,-90.35,77.0,69,75,19.46
112,Lagoa,PT,2020-07-06 20:08:16,39.05,-27.98,68.31,89,96,11.56
113,Vanavara,RU,2020-07-06 20:08:17,60.34,102.28,56.88,79,17,4.12
114,Ponta Do Sol,PT,2020-07-06 20:08:17,32.67,-17.1,75.2,73,20,12.75
115,Areia Branca,BR,2020-07-06 20:08:17,-4.96,-37.14,75.2,100,90,8.05
116,Bastia,FR,2020-07-06 20:08:17,42.67,9.33,75.99,78,0,3.36
117,Saint Anthony,US,2020-07-06 20:08:17,45.02,-93.22,86.0,51,75,8.05
118,Sibu,MY,2020-07-06 20:08:18,2.3,111.82,77.0,94,40,3.36
119,Sorong,ID,2020-07-06 20:08:18,-0.88,131.25,76.91,83,25,6.22
120,Xichang,CN,2020-07-06 20:08:18,27.9,102.26,70.66,79,100,0.29
121,Salekhard,RU,2020-07-06 20:08:18,66.53,66.6,63.91,71,19,5.79
122,Airai,TL,2020-07-06 20:08:18,-8.93,125.41,55.67,100,17,3.71
123,Bethel,US,2020-07-06 20:08:19,41.37,-73.41,91.99,43,90,5.82
124,Hilo,US,2020-07-06 20:08:19,19.73,-155.09,78.8,69,90,8.05
125,Klaksvik,FO,2020-07-06 20:08:19,62.23,-6.59,44.6,87,91,19.46
126,Oranjemund,NA,2020-07-06 20:08:20,-28.55,16.43,57.63,89,100,6.13
127,East London,ZA,2020-07-06 20:08:20,-33.02,27.91,72.93,21,0,9.86
128,Palmer,US,2020-07-06 20:08:20,42.16,-72.33,88.0,42,40,5.82
129,Svetlyy,RU,2020-07-06 20:08:20,54.67,20.13,57.2,82,20,6.71
130,Williams Lake,CA,2020-07-06 20:04:28,52.14,-122.14,62.6,63,75,3.36
131,Aasiaat,GL,2020-07-06 20:08:20,68.71,-52.87,40.69,92,100,12.59
132,Pandharpur,IN,2020-07-06 20:08:21,17.67,75.33,76.6,80,100,15.52
133,Kisangani,CD,2020-07-06 20:08:21,0.52,25.2,71.76,90,100,1.57
134,Nome,US,2020-07-06 20:08:21,64.5,-165.41,48.99,93,90,17.22
135,Shar,KZ,2020-07-06 20:08:21,49.59,81.05,62.74,69,9,2.44
136,Mayo,US,2020-07-06 20:08:21,38.89,-76.51,93.2,70,1,10.29
137,Cabo San Lucas,MX,2020-07-06 20:03:29,22.89,-109.91,95.0,43,5,19.46
138,Kapaa,US,2020-07-06 20:04:12,22.08,-159.32,84.0,69,75,10.29
139,Leningradskiy,RU,2020-07-06 20:08:22,69.38,178.42,45.61,80,95,5.03
140,Avera,US,2020-07-06 20:08:22,33.19,-82.53,87.8,85,75,6.93
141,Adre,TD,2020-07-06 20:08:22,13.47,22.2,77.74,70,6,14.41
142,Tazovskiy,RU,2020-07-06 20:08:22,67.47,78.7,51.96,90,3,8.16
143,Ginir,ET,2020-07-06 20:08:23,7.13,40.7,59.29,89,100,8.32
144,Ballina,AU,2020-07-06 20:08:23,-28.87,153.57,50.0,93,90,6.93
145,Kahului,US,2020-07-06 20:06:27,20.89,-156.47,84.2,51,20,20.8
146,Rocha,UY,2020-07-06 20:08:24,-34.48,-54.33,48.33,79,1,6.17
147,Kavali,IN,2020-07-06 20:08:24,14.92,79.98,81.3,76,100,7.49
148,Arraial Do Cabo,BR,2020-07-06 20:08:24,-22.97,-42.03,84.2,48,0,5.82
149,Nicolas Bravo,MX,2020-07-06 20:08:25,18.45,-88.92,89.6,66,5,16.11
150,Esperance,AU,2020-07-06 20:08:25,-33.87,121.9,51.8,81,0,13.87
151,Baykit,RU,2020-07-06 20:08:25,61.67,96.37,56.97,89,15,2.57
152,Esmeraldas,BR,2020-07-06 20:08:25,-19.76,-44.31,80.6,34,20,5.82
153,Kolpny,RU,2020-07-06 20:08:26,52.23,37.04,68.54,76,0,5.59
154,San Jose,US,2020-07-06 20:05:15,37.34,-121.89,81.0,38,1,9.17
155,Semey,KZ,2020-07-06 20:08:26,50.41,80.23,65.73,68,68,5.35
156,La Ronge,CA,2020-07-06 20:08:27,55.1,-105.28,66.2,59,75,13.87
157,Umm Lajj,SA,2020-07-06 20:08:27,25.02,37.27,82.17,55,16,3.62
158,Hermanus,ZA,2020-07-06 20:08:27,-34.42,19.23,57.0,89,3,4.0
159,Vila Velha,BR,2020-07-06 20:08:27,-20.33,-40.29,77.0,73,0,12.75
160,Constitucion,CL,2020-07-06 20:08:28,-35.33,-72.42,53.11,64,98,4.56
161,Leh,IN,2020-07-06 20:08:28,34.17,77.58,57.96,33,0,5.59
162,Isiolo,KE,2020-07-06 20:08:28,0.35,37.58,71.29,54,99,17.05
163,Khatanga,RU,2020-07-06 20:08:28,71.97,102.5,45.36,76,97,15.82
164,Magadan,RU,2020-07-06 20:08:29,59.57,150.8,52.56,79,0,4.45
165,Tungor,RU,2020-07-06 20:08:29,53.38,142.96,48.51,97,100,17.56
166,Stykkisholmur,IS,2020-07-06 20:08:29,65.08,-22.73,53.17,51,4,5.77
167,Hofn,IS,2020-07-06 20:08:29,64.25,-15.21,55.4,66,20,13.87
168,Allapalli,IN,2020-07-06 20:08:29,19.42,80.07,75.31,92,100,2.13
169,Yumen,CN,2020-07-06 20:08:30,40.28,97.2,77.04,21,86,10.87
170,Tombouctou,ML,2020-07-06 20:08:30,20.0,-3.0,95.31,13,7,3.06
171,Xuanzhou,CN,2020-07-06 20:08:30,30.95,118.76,75.09,94,92,4.09
172,Azanka,RU,2020-07-06 20:08:30,58.04,64.79,62.65,80,0,2.59
173,Barcelos,PT,2020-07-06 20:03:40,41.54,-8.62,86.0,77,0,3.36
174,San Carlos,VE,2020-07-06 20:08:31,9.66,-68.58,86.23,72,86,1.48
175,Scarborough,GB,2020-07-06 20:08:31,54.28,-0.4,59.0,72,57,1.99
176,Sao Joao Da Barra,BR,2020-07-06 20:08:31,-21.64,-41.05,86.0,42,0,6.93
177,Mercedes,AR,2020-07-06 20:08:31,-34.65,-59.43,53.01,69,16,1.99
178,Mar Del Plata,AR,2020-07-06 20:08:31,-38.0,-57.56,48.2,70,75,10.29
179,Vallenar,CL,2020-07-06 20:08:32,-28.57,-70.76,65.48,32,0,13.29
180,Karabulak,RU,2020-07-06 20:08:32,43.3,44.9,71.6,73,0,6.71
181,Mehamn,NO,2020-07-06 20:08:32,71.04,27.85,46.4,87,75,14.99
182,New Philadelphia,US,2020-07-06 20:07:03,40.49,-81.45,93.2,36,1,3.36
183,Narsaq,GL,2020-07-06 20:08:32,60.92,-46.05,50.0,61,75,9.17
184,Chokurdakh,RU,2020-07-06 20:08:33,70.63,147.92,40.12,86,92,10.42
185,Carnarvon,AU,2020-07-06 20:08:33,-24.87,113.63,60.8,77,0,12.75
186,Siavonga,ZM,2020-07-06 20:08:33,-16.54,28.71,62.74,51,21,3.6
187,Atar,MR,2020-07-06 20:08:33,20.52,-13.05,95.88,28,0,17.18
188,Arlit,NE,2020-07-06 20:08:34,18.74,7.39,96.98,9,0,8.68
189,Santa Rosa,PH,2020-07-06 20:04:57,14.31,121.11,82.0,83,5,6.26
190,Alofi,NU,2020-07-06 20:08:34,-19.06,-169.92,77.0,78,69,11.41
191,Tacuarembo,UY,2020-07-06 20:08:34,-31.73,-55.98,50.76,76,100,8.3
192,Itoman,JP,2020-07-06 20:08:35,26.12,127.67,82.4,88,20,10.29
193,Thompson,CA,2020-07-06 20:08:35,55.74,-97.86,66.2,82,75,13.87
194,Ilulissat,GL,2020-07-06 20:08:35,69.22,-51.1,46.4,75,75,4.7
195,Tasiilaq,GL,2020-07-06 20:08:35,65.61,-37.64,42.8,75,30,9.17
196,Iquique,CL,2020-07-06 20:08:36,-20.22,-70.14,62.6,63,90,8.05
197,Necochea,AR,2020-07-06 20:08:36,-38.55,-58.74,46.99,80,86,1.99
198,Plavsk,RU,2020-07-06 20:08:36,53.71,37.29,67.05,84,0,4.21
199,Suraabad,AZ,2020-07-06 20:08:37,40.82,49.47,73.4,64,0,4.7
200,Rio Grande,BR,2020-07-06 20:05:00,-32.03,-52.1,55.4,66,75,8.05
201,Qui Nhon,VN,2020-07-06 20:05:17,13.77,109.23,78.64,86,0,5.7
202,Kavaratti,IN,2020-07-06 20:08:37,10.57,72.64,84.02,74,99,16.82
203,Nantucket,US,2020-07-06 20:08:37,41.28,-70.1,75.99,73,75,17.22
204,Portland,US,2020-07-06 20:08:37,45.52,-122.68,69.01,55,75,8.05
205,Crixas,BR,2020-07-06 20:08:38,-14.55,-49.97,86.52,34,0,3.62
206,Morro Bay,US,2020-07-06 20:08:38,35.37,-120.85,90.0,53,2,7.0
207,Hasaki,JP,2020-07-06 20:08:38,35.73,140.83,81.0,83,75,16.11
208,Torbay,CA,2020-07-06 20:08:38,47.67,-52.73,55.0,81,75,9.17
209,Aykhal,RU,2020-07-06 20:08:39,66.0,111.5,41.0,86,90,4.47
210,Kiruna,SE,2020-07-06 20:08:39,67.86,20.23,53.6,54,87,10.29
211,Sinfra,CI,2020-07-06 20:08:39,6.62,-5.92,80.6,78,20,4.7
212,Mana,GF,2020-07-06 20:08:39,5.66,-53.78,80.82,84,8,10.27
213,Codrington,AU,2020-07-06 20:08:40,-38.27,141.97,51.46,80,100,3.24
214,Mirabad,AF,2020-07-06 20:08:40,30.44,61.84,83.86,18,0,16.26
215,Iqaluit,CA,2020-07-06 20:08:40,63.75,-68.51,53.6,66,20,6.93
216,Bayburt,TR,2020-07-06 20:08:40,40.26,40.23,64.36,59,56,3.58
217,Kodinsk,RU,2020-07-06 20:08:40,58.69,99.18,61.57,90,39,2.33
218,Orangeville,CA,2020-07-06 20:08:41,43.92,-80.1,89.6,35,20,10.29
219,Candido Mendes,BR,2020-07-06 20:08:41,-1.45,-45.72,81.01,82,46,6.11
220,Ipixuna,BR,2020-07-06 20:08:41,-1.76,-48.8,91.4,52,40,8.05
221,Mecca,SA,2020-07-06 20:08:41,21.43,39.83,91.06,15,100,6.53
222,Beringovskiy,RU,2020-07-06 20:08:42,63.05,179.32,47.44,82,100,3.27
223,Diamantina,BR,2020-07-06 20:08:42,-18.25,-43.6,65.48,58,0,4.85
224,Praia Da Vitoria,PT,2020-07-06 20:08:42,38.73,-27.07,71.6,83,75,8.16
225,Golden,US,2020-07-06 20:08:42,39.76,-105.22,96.01,14,75,6.93
226,Cidreira,BR,2020-07-06 20:08:43,-30.18,-50.21,56.48,80,100,9.89
227,Port Hedland,AU,2020-07-06 20:08:43,-20.32,118.57,55.4,43,0,6.93
228,Marawi,PH,2020-07-06 20:08:43,8.0,124.29,75.0,90,100,7.0
229,Baghdad,IQ,2020-07-06 20:05:36,33.34,44.4,99.63,13,0,13.38
230,Challapata,BO,2020-07-06 20:08:44,-18.9,-66.77,56.59,32,0,14.05
231,Wajir,KE,2020-07-06 20:08:44,1.75,40.06,79.39,52,100,22.01
232,Pedernales,DO,2020-07-06 20:08:44,18.04,-71.74,91.4,55,40,16.11
233,Toktogul,KG,2020-07-06 20:08:44,41.87,72.94,61.68,47,0,1.34
234,Walvis Bay,NA,2020-07-06 20:08:45,-22.96,14.51,66.2,25,0,3.36
235,Henties Bay,NA,2020-07-06 20:08:45,-22.12,14.28,60.01,83,0,1.99
236,Andapa,MG,2020-07-06 20:08:45,-14.65,49.65,67.19,86,100,3.2
237,Hobyo,SO,2020-07-06 20:06:05,5.35,48.53,78.84,74,46,18.52
238,Adjumani,UG,2020-07-06 20:08:46,3.38,31.79,68.9,88,100,0.87
239,Monrovia,LR,2020-07-06 20:08:46,6.3,-10.8,77.0,88,75,8.05
240,Chicama,PE,2020-07-06 20:08:46,-7.84,-79.15,71.96,60,39,10.56
241,Hami,CN,2020-07-06 20:08:46,42.8,93.45,86.79,17,100,11.88
242,Lamu,KE,2020-07-06 20:08:46,-2.27,40.9,77.0,83,1,8.05
243,Omboue,GA,2020-07-06 20:08:47,-1.57,9.26,72.57,91,61,6.04
244,Nsoko,SZ,2020-07-06 20:08:47,-27.03,31.95,57.2,76,0,3.36
245,Poum,NC,2020-07-06 20:08:47,-20.23,164.02,68.85,72,100,9.26
246,Rawson,AR,2020-07-06 20:08:47,-43.3,-65.1,43.07,62,59,8.57
247,Quatre Cocos,MU,2020-07-06 20:08:48,-20.21,57.76,73.4,94,75,4.7
248,Pirajui,BR,2020-07-06 20:08:48,-22.0,-49.46,86.0,48,77,9.17
249,Bose,IT,2020-07-06 20:08:48,45.46,8.01,80.01,76,2,8.16
250,Salalah,OM,2020-07-06 20:07:11,17.02,54.09,82.4,78,40,2.24
251,Hlohovec,SK,2020-07-06 20:08:49,48.43,17.8,69.8,49,55,11.41
252,Fairbanks,US,2020-07-06 20:08:41,64.84,-147.72,66.99,63,20,4.0
253,Port Lincoln,AU,2020-07-06 20:08:49,-34.73,135.87,51.17,81,6,12.55
254,Awbari,LY,2020-07-06 20:08:50,26.59,12.78,84.27,14,0,11.21
255,Los Llanos De Aridane,ES,2020-07-06 20:08:50,28.66,-17.92,81.0,83,20,14.99
256,Havelock,US,2020-07-06 20:06:26,34.88,-76.9,89.6,55,20,11.41
257,Hambantota,LK,2020-07-06 20:06:04,6.12,81.12,80.49,79,99,16.2
258,Honiara,SB,2020-07-06 20:08:50,-9.43,159.95,73.4,100,75,4.7
259,Te Anau,NZ,2020-07-06 20:08:50,-45.42,167.72,43.63,89,98,3.13
260,Katsuura,JP,2020-07-06 20:08:51,35.13,140.3,80.01,100,75,19.46
261,Plesetsk,RU,2020-07-06 20:08:51,62.71,40.29,60.76,59,97,8.08
262,Provideniya,RU,2020-07-06 20:08:51,64.38,-173.3,46.4,81,90,2.24
263,Ozernovskiy,RU,2020-07-06 20:08:51,51.5,156.52,50.32,90,100,6.55
264,Irbeyskoye,RU,2020-07-06 20:08:52,55.64,95.45,61.61,91,43,2.71
265,Conceicao Da Barra,BR,2020-07-06 20:08:52,-18.59,-39.73,71.96,71,0,5.21
266,Hithadhoo,MV,2020-07-06 20:08:52,-0.6,73.08,83.8,78,41,20.51
267,Codajas,BR,2020-07-06 20:08:52,-3.84,-62.06,82.02,90,100,2.39
268,Cabra,ES,2020-07-06 20:08:52,37.47,-4.44,93.0,24,0,5.48
269,Gorontalo,ID,2020-07-06 20:08:53,0.54,123.06,74.16,88,61,3.0
270,Lasa,IT,2020-07-06 20:08:53,46.62,10.7,64.0,59,75,12.75
271,Aksarka,RU,2020-07-06 20:08:53,66.56,67.8,64.58,72,100,3.65
272,Nagornskiy,RU,2020-07-06 20:08:53,58.77,57.55,59.0,92,0,1.21
273,Bilma,NE,2020-07-06 20:08:54,18.69,12.92,90.52,11,0,5.77
274,Half Moon Bay,US,2020-07-06 20:08:54,37.46,-122.43,72.0,63,1,16.11
275,Solnechnyy,RU,2020-07-06 20:08:54,50.72,136.63,53.98,94,100,5.12
276,Pevek,RU,2020-07-06 20:08:54,69.7,170.31,46.98,71,0,16.06
277,Faya,SA,2020-07-06 20:08:54,18.39,42.45,71.6,64,97,4.7
278,Dzhalil,RU,2020-07-06 20:08:54,55.02,52.74,66.81,89,63,2.66
279,Fukue,JP,2020-07-06 20:08:55,32.69,128.84,76.3,94,100,20.38
280,Nhulunbuy,AU,2020-07-06 20:08:55,-12.23,136.77,73.4,73,40,12.75
281,Vardo,NO,2020-07-06 20:08:55,70.37,31.11,48.2,100,75,10.29
282,Berwick,US,2020-07-06 20:08:55,41.05,-76.23,89.01,50,93,7.18
283,Lagunillas,VE,2020-07-06 20:08:56,10.13,-71.26,86.16,64,23,5.97
284,Yar-Sale,RU,2020-07-06 20:08:56,66.83,70.83,63.99,66,44,1.68
285,Pangkalanbuun,ID,2020-07-06 20:08:56,-2.68,111.62,74.86,91,86,2.3
286,Tiksi,RU,2020-07-06 20:08:56,71.69,128.87,35.67,94,100,4.32
287,Opunake,NZ,2020-07-06 20:08:56,-39.46,173.86,51.01,74,82,8.01
288,Sao Filipe,CV,2020-07-06 20:08:57,14.9,-24.5,74.01,83,19,6.2
289,Hamilton,US,2020-07-06 20:08:57,39.18,-84.53,93.0,52,40,4.7
290,Oksfjord,NO,2020-07-06 20:08:57,70.24,22.35,48.99,100,90,11.41
291,Yambio,SS,2020-07-06 20:08:57,4.57,28.4,68.63,96,100,3.11
292,Bathsheba,BB,2020-07-06 20:08:58,13.22,-59.52,78.8,83,75,20.8
293,Sisimiut,GL,2020-07-06 20:07:05,66.94,-53.67,46.89,74,100,7.09
294,Korla,CN,2020-07-06 20:08:58,41.76,86.15,75.94,23,0,1.66
295,Cockburn Town,TC,2020-07-06 20:08:58,21.46,-71.14,87.8,62,40,14.99
296,Bela Palanka,RS,2020-07-06 20:08:58,43.22,22.31,70.0,88,92,4.7
297,Isangel,VU,2020-07-06 20:08:58,-19.55,169.27,69.8,83,90,3.36
298,Sorland,NO,2020-07-06 20:08:58,67.67,12.69,50.0,81,40,9.17
299,Gao,ML,2020-07-06 20:08:59,16.64,1.64,99.52,16,9,6.91
300,Dalbandin,PK,2020-07-06 20:08:59,28.89,64.41,81.68,14,0,1.3
301,Kyela,TZ,2020-07-06 20:08:59,-9.58,33.85,65.26,73,13,2.57
302,Amuntai,ID,2020-07-06 20:08:59,-2.42,115.25,72.12,97,53,0.72
303,Saint-Louis,SN,2020-07-06 20:09:00,16.33,-15.0,98.6,39,40,14.76
304,Kjollefjord,NO,2020-07-06 20:09:00,70.95,27.35,46.4,87,75,14.99
305,Sao Gabriel Da Cachoeira,BR,2020-07-06 20:09:00,-0.13,-67.09,82.4,83,40,9.17
306,Key West,US,2020-07-06 20:08:57,24.56,-81.78,95.0,62,20,5.82
307,Khanpur,PK,2020-07-06 20:09:00,28.65,70.66,99.23,26,13,4.09
308,Fethiye,TR,2020-07-06 20:09:01,36.62,29.12,77.0,88,0,5.82
309,Goundam,ML,2020-07-06 20:09:01,16.41,-3.67,99.36,22,31,0.67
310,Faanui,PF,2020-07-06 20:09:01,-16.48,-151.75,78.71,81,99,14.56
311,At-Bashi,KG,2020-07-06 20:06:05,41.17,75.81,45.79,58,0,0.11
312,Maltahohe,NA,2020-07-06 20:09:01,-24.83,16.98,54.99,35,0,9.35
313,Trincomalee,LK,2020-07-06 20:06:04,8.57,81.23,82.06,74,100,19.28
314,Konstantinovskaya,RU,2020-07-06 20:09:02,44.05,43.16,82.4,39,99,6.71
315,Nortelandia,BR,2020-07-06 20:09:02,-14.45,-56.8,93.33,26,0,5.46
316,San Patricio,MX,2020-07-06 20:09:02,19.22,-104.7,89.6,75,20,11.41
317,Muros,ES,2020-07-06 20:09:02,42.78,-9.06,69.01,71,2,8.99
318,Broome,US,2020-07-06 20:07:57,42.25,-75.83,89.01,38,1,6.15
319,Thinadhoo,MV,2020-07-06 20:09:03,0.53,72.93,83.98,80,79,19.24
320,Virginia Beach,US,2020-07-06 20:04:28,36.85,-75.98,93.0,66,75,12.75
321,Margate,GB,2020-07-06 20:09:03,51.38,1.39,66.0,59,23,1.01
322,Pochutla,MX,2020-07-06 20:09:03,15.74,-96.47,84.2,74,90,11.41
323,Khuzhir,RU,2020-07-06 20:09:04,53.19,107.34,54.81,63,30,5.86
324,Samana,DO,2020-07-06 20:09:04,19.21,-69.34,86.0,74,40,6.93
325,Georgiyevskoye,RU,2020-07-06 20:09:04,58.73,45.02,65.23,90,0,3.44
326,Kitimat,CA,2020-07-06 20:05:27,54.05,-128.65,64.99,72,100,3.94
327,Nemuro,JP,2020-07-06 20:09:04,43.32,145.57,58.51,98,100,3.67
328,Tigil,RU,2020-07-06 20:09:05,57.8,158.67,52.03,96,100,3.38
329,Yulara,AU,2020-07-06 20:09:05,-25.24,130.99,39.2,64,0,5.82
330,Arroio Grande,BR,2020-07-06 20:09:05,-32.24,-53.09,48.0,81,50,5.75
331,Najran,SA,2020-07-06 20:09:05,17.49,44.13,89.6,19,99,6.91
332,Longyearbyen,SJ,2020-07-06 20:09:06,78.22,15.64,51.8,71,75,14.99
333,Aquin,HT,2020-07-06 20:09:06,18.28,-73.4,84.78,68,52,7.05
334,Havre-Saint-Pierre,CA,2020-07-06 20:09:06,50.23,-63.6,62.6,63,1,9.17
335,Nanortalik,GL,2020-07-06 20:09:06,60.14,-45.24,42.6,82,95,5.91
336,Port Hardy,CA,2020-07-06 20:09:06,50.7,-127.42,59.0,77,90,8.05
337,Kapit,MY,2020-07-06 20:09:07,2.02,112.93,74.14,95,100,1.81
338,Singaraja,ID,2020-07-06 20:09:07,-8.11,115.09,78.22,74,95,3.69
339,Kruisfontein,ZA,2020-07-06 20:09:07,-34.0,24.73,55.65,76,0,12.46
340,Koygorodok,RU,2020-07-06 20:09:07,60.45,51.0,65.62,83,0,3.47
341,Bafia,CM,2020-07-06 20:09:08,4.75,11.23,71.17,96,100,2.75
342,Zheleznodorozhnyy,RU,2020-07-06 20:09:08,55.75,38.0,75.99,83,0,2.24
343,Taoudenni,ML,2020-07-06 20:09:08,22.68,-3.98,104.11,7,0,12.44
344,Te Karaka,NZ,2020-07-06 20:09:08,-38.47,177.87,48.49,82,100,6.08
345,Bakau,GM,2020-07-06 20:09:08,13.48,-16.68,82.4,83,75,5.82
346,Kigoma,TZ,2020-07-06 20:09:09,-4.88,29.63,73.4,73,75,3.8
347,Mitu,CO,2020-07-06 20:09:09,1.2,-70.17,77.7,80,83,5.14
348,Iranshahr,IR,2020-07-06 20:09:09,27.2,60.68,96.8,30,98,4.7
349,Vila Franca Do Campo,PT,2020-07-06 20:09:09,37.72,-25.43,71.6,78,20,13.87
350,Sept-Iles,CA,2020-07-06 20:09:10,50.2,-66.38,62.6,77,40,6.93
351,Novita,CO,2020-07-06 20:09:10,4.96,-76.61,83.34,78,83,4.88
352,Pangoa,PE,2020-07-06 20:09:10,-12.12,-73.0,77.86,85,81,1.74
353,Lavrentiya,RU,2020-07-06 20:09:10,65.58,-171.0,51.73,73,94,6.33
354,Flin Flon,CA,2020-07-06 20:09:11,54.77,-101.86,73.4,46,75,11.41
355,Madimba,TZ,2020-07-06 20:09:11,-10.4,40.33,71.6,88,20,9.17
356,Voznesenye,RU,2020-07-06 20:09:11,61.01,35.48,60.51,79,62,10.4
357,Dunedin,NZ,2020-07-06 20:06:04,-45.87,170.5,46.0,93,100,8.01
358,Cap Malheureux,MU,2020-07-06 20:09:11,-19.98,57.61,73.0,92,32,5.01
359,Lucea,JM,2020-07-06 20:09:12,18.45,-78.17,87.8,70,20,17.22
360,Tagusao,PH,2020-07-06 20:09:12,9.19,117.81,79.84,77,85,4.9
361,Tabou,CI,2020-07-06 20:09:12,4.42,-7.35,74.59,80,93,7.16
362,Tuatapere,NZ,2020-07-06 20:09:12,-46.13,167.68,45.73,81,100,12.21
363,Sao Francisco,BR,2020-07-06 20:09:12,-15.95,-44.86,79.29,43,43,4.36
364,Dambulla,LK,2020-07-06 20:09:13,7.86,80.65,77.22,75,100,11.5
365,Pangai,TO,2020-07-06 20:09:13,-19.8,-174.35,77.0,88,75,11.41
366,Petropavlovsk-Kamchatskiy,RU,2020-07-06 20:09:13,53.05,158.65,64.4,82,47,8.95
367,Skibbereen,IE,2020-07-06 20:09:13,51.55,-9.27,59.0,58,75,10.29
368,Vostok,RU,2020-07-06 20:09:14,46.49,135.88,57.49,99,24,2.26
369,Marsabit,KE,2020-07-06 20:09:14,2.33,37.99,68.58,56,98,20.87
370,Calamar,CO,2020-07-06 20:09:14,10.25,-74.91,89.6,70,75,4.7
371,Carauari,BR,2020-07-06 20:09:14,-4.88,-66.9,88.03,59,19,2.21
372,Haines Junction,CA,2020-07-06 20:09:15,60.75,-137.51,66.0,36,100,7.36
373,Sidi Ali,DZ,2020-07-06 20:09:15,36.1,0.42,77.18,48,0,5.64
374,Alexandria,EG,2020-07-06 20:06:07,31.22,29.96,80.6,69,0,6.93
375,Santa Barbara,US,2020-07-06 20:07:16,34.42,-119.7,88.0,50,1,6.93
376,Grindavik,IS,2020-07-06 20:09:15,63.84,-22.43,53.6,71,40,12.75
377,Darhan,MN,2020-07-06 20:09:15,49.49,105.92,64.78,45,100,2.06
378,Ambulu,ID,2020-07-06 20:09:16,-8.35,113.61,74.57,87,84,4.27
379,Kamaishi,JP,2020-07-06 20:09:16,39.27,141.88,70.32,89,100,6.02
380,Goderich,CA,2020-07-06 20:09:16,43.75,-81.72,82.99,69,2,3.33
381,Innisfail,AU,2020-07-06 20:09:16,-17.53,146.03,67.82,88,100,7.54
382,Illela,NG,2020-07-06 20:09:17,13.73,5.3,96.78,30,83,9.06
383,Manicore,BR,2020-07-06 20:09:17,-5.81,-61.3,91.4,55,69,5.82
384,Sambava,MG,2020-07-06 20:09:17,-14.27,50.17,73.24,84,100,19.71
385,Tessalit,ML,2020-07-06 20:09:17,20.2,1.01,94.5,10,0,7.96
386,Haverfordwest,GB,2020-07-06 20:09:17,51.8,-4.97,62.01,72,17,14.99
387,Meulaboh,ID,2020-07-06 20:09:18,4.14,96.13,76.44,89,97,5.08
388,Rensvik,NO,2020-07-06 20:09:18,63.1,7.82,51.8,76,75,18.34
389,Rapid City,US,2020-07-06 20:08:30,44.08,-103.23,84.99,35,90,9.17
390,Ugoofaaru,MV,2020-07-06 20:09:18,5.67,73.0,80.64,79,100,12.12
391,Krizevci,HR,2020-07-06 20:09:18,46.02,16.54,77.0,65,93,22.1
392,Egvekinot,RU,2020-07-06 20:09:19,66.32,-179.17,43.0,88,99,4.25
393,Santarem,BR,2020-07-06 20:09:19,-2.44,-54.71,87.8,66,20,8.05
394,Dingle,PH,2020-07-06 20:09:19,11.0,122.67,77.38,83,78,5.82
395,Manoel Urbano,BR,2020-07-06 20:09:19,-8.84,-69.26,81.23,90,84,2.42
396,Sharanga,RU,2020-07-06 20:09:19,57.18,46.54,66.38,85,0,2.64
397,Okha,RU,2020-07-06 20:09:20,53.57,142.95,48.16,97,100,17.69
398,Alyangula,AU,2020-07-06 20:09:20,-13.85,136.42,59.0,93,0,15.39
399,Okhotsk,RU,2020-07-06 20:09:20,59.38,143.3,51.89,87,0,5.35
400,Mandalgovi,MN,2020-07-06 20:09:20,45.76,106.27,66.18,43,89,7.83
401,Tucano,BR,2020-07-06 20:09:04,-10.96,-38.79,75.0,66,17,8.68
402,Nyurba,RU,2020-07-06 20:09:21,63.28,118.33,45.57,95,0,3.67
403,Aklavik,CA,2020-07-06 20:09:21,68.22,-135.01,46.4,81,90,8.05
404,Aojiang,CN,2020-07-06 20:09:21,22.94,116.04,81.0,89,93,6.98
405,Fereydunshahr,IR,2020-07-06 20:09:22,32.94,50.12,62.46,31,50,8.9
406,Wanning,CN,2020-07-06 20:09:22,18.8,110.4,81.86,85,48,13.62
407,Mahon,ES,2020-07-06 20:08:46,39.89,4.27,75.2,69,0,8.05
408,Ilhabela,BR,2020-07-06 20:05:00,-23.78,-45.36,73.11,79,28,3.62
409,Tieli,CN,2020-07-06 20:09:22,46.95,128.05,61.86,97,100,6.15
410,Inhambane,MZ,2020-07-06 20:09:22,-23.86,35.38,59.0,93,0,6.13
411,Hirara,JP,2020-07-06 20:09:23,24.8,125.28,84.45,82,100,20.47
412,Caravelas,BR,2020-07-06 20:09:23,-17.71,-39.25,72.73,75,0,4.54
413,Susanville,US,2020-07-06 20:09:23,40.42,-120.65,86.0,9,1,14.99
414,Laguna,US,2020-07-06 20:09:23,38.42,-121.42,90.0,28,1,10.29
415,Bandar-E Anzali,IR,2020-07-06 20:09:23,37.47,49.46,78.3,58,0,2.51
416,Alekseyevsk,RU,2020-07-06 20:09:23,57.84,108.35,55.94,58,26,3.15
417,Whyalla,AU,2020-07-06 20:09:24,-33.03,137.58,33.8,79,0,6.93
418,Sulangan,PH,2020-07-06 20:09:24,11.14,123.72,83.62,75,41,10.67
419,Vredendal,ZA,2020-07-06 20:09:24,-31.67,18.5,56.1,91,78,4.14
420,Maneadero,MX,2020-07-06 20:09:24,31.72,-116.57,84.0,32,0,3.0
421,Parabel,RU,2020-07-06 20:09:25,58.7,81.48,57.47,85,2,4.7
422,Belawan,ID,2020-07-06 20:09:25,3.78,98.68,75.2,100,40,3.36
423,Serov,RU,2020-07-06 20:09:25,59.6,60.58,63.18,91,0,1.74
424,Erenhot,CN,2020-07-06 20:09:26,43.65,111.98,70.32,39,0,10.16
425,Yashkul,RU,2020-07-06 20:09:26,46.17,45.34,83.68,28,0,10.09
426,Cherskiy,RU,2020-07-06 20:09:26,68.75,161.3,56.23,74,35,16.44
427,Khandyga,RU,2020-07-06 20:09:26,62.67,135.6,54.1,84,75,1.25
428,Mahajanga,MG,2020-07-06 20:09:26,-15.72,46.32,71.6,83,20,3.36
429,Lucapa,AO,2020-07-06 20:09:27,-8.42,20.74,66.63,29,33,4.59
430,Mount Isa,AU,2020-07-06 20:09:27,-20.73,139.5,48.2,42,0,8.05
431,Nanchang,CN,2020-07-06 20:09:27,28.68,115.88,80.38,85,100,2.84
432,Dawlatabad,AF,2020-07-06 20:09:27,36.41,64.91,73.27,21,7,5.3
433,Comlosu Mare,RO,2020-07-06 20:09:28,45.89,20.63,75.2,94,0,6.93
434,Buchanan,LR,2020-07-06 20:05:06,5.88,-10.05,77.0,88,75,8.05
435,Peterhead,GB,2020-07-06 20:09:28,57.51,-1.8,57.2,54,20,10.29
436,Geraldton,AU,2020-07-06 20:09:28,-28.77,114.6,55.4,87,37,11.41
437,College,US,2020-07-06 20:09:29,64.86,-147.8,66.99,63,75,3.94
438,Salinopolis,BR,2020-07-06 20:09:29,-0.61,-47.36,82.63,77,14,11.72
439,Anadyr,RU,2020-07-06 20:09:29,64.75,177.48,46.4,87,40,6.71
440,Tsabong,BW,2020-07-06 20:09:29,-26.02,22.4,54.64,32,0,5.88
441,Antofagasta,CL,2020-07-06 20:05:27,-23.65,-70.4,60.8,67,75,9.17
442,Moyale,KE,2020-07-06 20:09:30,3.52,39.06,69.91,55,85,7.4
443,Sinnamary,GF,2020-07-06 20:09:30,5.38,-52.95,81.59,82,0,8.84
444,Sao Felix Do Xingu,BR,2020-07-06 20:09:30,-6.64,-51.99,88.12,43,20,4.47
445,Chanderi,IN,2020-07-06 20:09:31,24.72,78.13,79.43,81,100,5.37
446,Tateyama,JP,2020-07-06 20:09:31,34.98,139.87,77.0,100,75,19.46
447,North Bend,US,2020-07-06 20:09:31,43.41,-124.22,61.0,77,90,9.17
448,Ipora,BR,2020-07-06 20:09:31,-16.44,-51.12,84.06,34,0,4.76
449,Vao,NC,2020-07-06 20:09:32,-22.67,167.48,69.84,64,100,11.77
450,Boguchany,RU,2020-07-06 20:09:32,58.38,97.45,61.3,90,49,2.59
451,Pedro Juan Caballero,PY,2020-07-06 20:09:32,-22.55,-55.73,82.4,58,40,2.24
452,Asyut,EG,2020-07-06 20:09:33,27.18,31.18,91.4,26,0,11.41
453,El Tigre,VE,2020-07-06 20:09:33,8.89,-64.25,80.87,75,100,7.92
454,Lecce,IT,2020-07-06 20:09:33,40.22,18.17,77.0,83,5,12.75
455,Neiafu,TO,2020-07-06 20:09:34,-18.65,-173.98,78.8,88,75,10.29
456,Wagar,SD,2020-07-06 20:09:34,16.15,36.2,91.72,34,100,19.62
457,Conceicao Do Araguaia,BR,2020-07-06 20:09:34,-8.26,-49.26,93.2,34,0,5.82
458,Tongliao,CN,2020-07-06 20:09:34,43.61,122.27,63.12,88,5,13.31
459,Thoen,TH,2020-07-06 20:09:34,17.61,99.22,76.53,90,100,2.28
460,Nelson Bay,AU,2020-07-06 20:09:35,-32.72,152.15,48.99,100,90,9.17
461,Lensk,RU,2020-07-06 20:09:35,60.73,114.93,56.55,59,100,0.34
462,Lewistown,US,2020-07-06 20:09:35,40.6,-77.57,93.99,41,1,4.7
463,Roma,US,2020-07-06 20:09:36,43.21,-75.46,89.6,35,1,5.82
464,Bowen,AU,2020-07-06 20:09:36,-20.02,148.23,63.0,93,90,8.05
465,Loreto,MX,2020-07-06 20:09:36,22.27,-101.97,82.47,24,35,6.64
466,Hispania,CO,2020-07-06 20:09:36,5.8,-75.91,78.8,54,40,18.34
467,Abu Kamal,SY,2020-07-06 20:09:36,34.45,40.92,94.55,14,8,11.32
468,Asenovgrad,BG,2020-07-06 20:09:36,42.02,24.87,78.8,61,75,6.93
469,Baglung,NP,2020-07-06 20:09:37,28.27,83.59,72.54,77,100,0.34
470,Marion,US,2020-07-06 20:06:03,39.77,-86.16,91.99,43,1,3.02
471,Okato,NZ,2020-07-06 20:09:37,-39.2,173.88,51.01,74,91,8.01
472,Kilindoni,TZ,2020-07-06 20:09:37,-7.91,39.67,78.35,79,60,21.43
473,Noyabrsk,RU,2020-07-06 20:09:38,63.2,75.45,61.09,58,40,6.6
474,Cermik,TR,2020-07-06 20:09:38,38.14,39.45,73.4,43,55,5.82
475,Tete,MZ,2020-07-06 20:09:39,-16.16,33.59,71.6,53,60,4.7
476,Uglegorsk,RU,2020-07-06 20:09:39,49.08,142.03,58.96,88,49,6.71
477,Kulhudhuffushi,MV,2020-07-06 20:09:39,6.62,73.07,84.29,65,100,11.18
478,Puerto Escondido,MX,2020-07-06 20:09:40,15.85,-97.07,87.8,62,75,10.29
479,Gasa,PS,2020-07-06 20:07:04,31.5,34.47,78.8,78,40,8.05
480,Tura,IN,2020-07-06 20:09:40,25.52,90.22,76.24,91,97,7.2
481,Panaba,MX,2020-07-06 20:09:41,21.28,-88.27,93.34,53,34,11.25
482,Christchurch,NZ,2020-07-06 20:08:15,-43.53,172.63,45.0,81,100,5.82
483,Svetlogorsk,BY,2020-07-06 20:09:41,52.63,29.73,68.27,86,0,6.13
484,Celestun,MX,2020-07-06 20:09:41,20.87,-90.4,89.47,55,91,10.63
485,Borogontsy,RU,2020-07-06 20:09:42,62.67,131.17,53.82,66,25,1.74
486,Shahrud,IR,2020-07-06 20:07:37,36.42,54.98,72.88,36,99,10.67
487,Bhadra,IN,2020-07-06 20:09:42,29.12,75.17,95.2,40,0,14.47
488,Sioux Lookout,CA,2020-07-06 20:09:42,50.1,-91.92,78.8,65,75,6.93
489,Ejido,VE,2020-07-06 20:09:43,8.55,-71.24,74.3,63,100,3.71
490,Navolato,MX,2020-07-06 20:09:43,24.77,-107.69,97.0,50,43,3.0
491,Ondjiva,AO,2020-07-06 20:09:43,-17.07,15.73,56.73,34,0,2.91
492,Riviere-Au-Renard,CA,2020-07-06 20:09:43,49.0,-64.4,59.0,87,90,5.82
493,Biswan,IN,2020-07-06 20:09:44,27.5,81.0,86.34,71,100,5.68
494,Hereford,GB,2020-07-06 20:09:44,52.06,-2.71,61.0,63,39,9.15
495,Kyenjojo,UG,2020-07-06 20:09:44,0.63,30.62,64.99,83,97,0.94
496,Riesi,IT,2020-07-06 20:09:44,37.28,14.08,75.0,52,0,5.97
497,Itiuba,BR,2020-07-06 20:09:45,-10.69,-39.85,73.49,73,62,8.93
498,Cumana,VE,2020-07-06 20:09:45,10.46,-64.18,73.4,100,100,17.22
499,Mairana,BO,2020-07-06 20:09:46,-18.12,-63.93,56.82,100,98,4.54
500,Umm Kaddadah,SD,2020-07-06 20:09:46,13.6,26.69,90.1,39,18,17.0
501,Wiarton,CA,2020-07-06 20:09:46,44.74,-81.13,84.2,51,75,3.36
502,Lorengau,PG,2020-07-06 20:09:47,-2.02,147.27,82.24,76,99,10.78
503,Nizhniy Kuranakh,RU,2020-07-06 20:09:47,58.84,125.49,47.53,90,0,2.53
504,Rosendal,NO,2020-07-06 20:09:47,59.99,6.01,51.01,73,100,9.33
505,Camacha,PT,2020-07-06 20:09:47,33.08,-16.33,69.8,83,40,13.87
506,Sakakah,SA,2020-07-06 20:09:48,29.97,40.21,89.6,17,0,7.65
507,Tarma,PE,2020-07-06 20:09:48,-11.42,-75.69,60.08,53,80,7.11
508,Sines,PT,2020-07-06 20:05:10,37.96,-8.87,66.99,81,0,1.01
509,Hay River,CA,2020-07-06 20:05:08,60.82,-115.8,60.8,67,75,5.82
510,Buraydah,SA,2020-07-06 20:09:49,26.33,43.98,98.6,22,55,4.7
511,Hailar,CN,2020-07-06 20:09:49,49.2,119.7,52.7,73,0,6.62
512,Kassala,SD,2020-07-06 20:09:49,15.45,36.4,89.56,40,99,14.9
513,Guaranda,EC,2020-07-06 20:09:49,-1.6,-79.0,60.8,67,75,5.82
514,Palasa,IN,2020-07-06 20:08:06,18.77,84.42,80.6,78,100,6.93
515,Am Timan,TD,2020-07-06 20:09:50,11.03,20.28,73.99,87,85,4.85
516,Atbasar,KZ,2020-07-06 20:09:50,51.8,68.33,62.11,83,0,5.28
517,Burnie,AU,2020-07-06 20:09:50,-41.07,145.92,37.0,79,4,3.0
518,Vysha,RU,2020-07-06 20:09:51,53.85,42.38,67.95,93,0,2.44
519,Miri,MY,2020-07-06 20:09:43,4.41,114.01,77.0,100,40,3.18
520,Bubaque,GW,2020-07-06 20:09:51,11.28,-15.83,80.82,83,15,13.18
521,Bucerias,MX,2020-07-06 20:09:51,20.75,-105.33,89.01,74,40,14.99
522,Swadlincote,GB,2020-07-06 20:09:52,52.77,-1.56,59.0,62,20,9.17
523,Touros,BR,2020-07-06 20:09:52,-5.2,-35.46,78.8,88,75,8.05
524,Sola,VU,2020-07-06 20:09:52,-13.88,167.55,79.79,83,100,25.26
525,Lincoln,US,2020-07-06 20:09:27,40.8,-96.67,91.0,49,75,10.29
526,Takoradi,GH,2020-07-06 20:09:53,4.88,-1.76,76.03,86,76,10.07
527,Pangnirtung,CA,2020-07-06 20:09:53,66.15,-65.71,44.6,87,75,16.11
528,Bantry,IE,2020-07-06 20:09:53,51.68,-9.45,59.0,58,75,10.29
529,Loandjili,CG,2020-07-06 20:09:53,-4.76,11.86,75.2,94,40,6.93
530,Alice Springs,AU,2020-07-06 20:09:53,-23.7,133.88,32.0,85,0,3.36
531,Lumphat,KH,2020-07-06 20:09:54,13.49,106.98,73.08,97,100,1.92
532,Yurino,RU,2020-07-06 20:09:54,56.29,46.3,71.6,73,0,2.24
533,Charkhi Dadri,IN,2020-07-06 20:09:54,28.6,76.27,91.83,51,0,8.99
534,Mahanoro,MG,2020-07-06 20:09:54,-19.9,48.8,69.17,77,63,4.81
535,Potiskum,NG,2020-07-06 20:09:55,11.71,11.07,81.32,61,60,14.81
536,Makakilo City,US,2020-07-06 20:09:55,21.35,-158.09,84.2,58,75,6.93
537,Liverpool,GB,2020-07-06 20:09:10,53.41,-2.98,59.0,67,20,12.75
538,Iringa,TZ,2020-07-06 20:09:55,-7.77,35.7,60.8,55,5,5.82
539,Samarai,PG,2020-07-06 20:09:55,-10.62,150.67,77.13,83,79,20.89
540,Saint-Augustin,CA,2020-07-06 20:08:33,51.23,-58.65,66.69,53,0,14.9
541,Bontang,ID,2020-07-06 20:09:56,0.13,117.5,75.83,90,54,5.84
542,Akom,CM,2020-07-06 20:09:56,2.67,12.71,68.9,97,99,3.27
543,Maceio,BR,2020-07-06 20:06:29,-9.67,-35.74,78.8,65,40,11.41
544,Kikwit,CD,2020-07-06 20:09:56,-5.04,18.82,77.02,38,100,2.59
545,Bridlington,GB,2020-07-06 20:09:57,54.08,-0.19,59.0,67,49,9.17
546,Prieska,ZA,2020-07-06 20:09:57,-29.66,22.75,56.86,32,0,9.24
547,Paragominas,BR,2020-07-06 20:09:57,-2.97,-47.48,86.07,64,59,3.09
548,Thakurgaon,BD,2020-07-06 20:09:57,26.03,88.47,81.75,85,100,13.53
549,Rochefort,FR,2020-07-06 20:09:57,45.92,-1.0,66.2,68,0,12.75
550,Broken Hill,AU,2020-07-06 20:08:34,-31.95,141.43,35.6,89,90,2.24
551,Auki,SB,2020-07-06 20:09:58,-8.77,160.7,76.98,81,3,3.18
552,Segamat,MY,2020-07-06 20:09:58,2.51,102.82,75.2,94,20,2.24
553,Mae Hong Son,TH,2020-07-06 20:09:58,19.3,97.97,73.9,88,100,1.14
554,Bayevo,RU,2020-07-06 20:09:58,53.28,80.77,60.19,94,96,5.95
555,Viedma,AR,2020-07-06 20:09:58,-40.81,-63.0,45.75,58,92,5.19
556,Raudeberg,NO,2020-07-06 20:09:59,61.99,5.14,48.99,85,100,10.89
557,Santiago Del Estero,AR,2020-07-06 20:07:15,-27.8,-64.26,55.51,45,82,7.45
558,Yamada,JP,2020-07-06 20:10:00,39.47,141.95,69.31,91,100,2.55
559,Trapani,IT,2020-07-06 20:10:00,37.83,12.67,77.0,88,0,9.17
560,Narrabri,AU,2020-07-06 20:10:00,-30.32,149.78,37.0,85,0,3.36
561,Nizwa,OM,2020-07-06 20:10:01,22.93,57.53,92.84,30,87,4.0
562,Panalingaan,PH,2020-07-06 20:10:01,8.78,117.42,78.66,77,40,3.67
563,Port-Cartier,CA,2020-07-06 20:10:02,50.03,-66.87,62.6,77,40,6.93
564,Sabang,ID,2020-07-06 20:10:02,5.89,95.32,83.57,69,47,2.24
565,Nyamati,IN,2020-07-06 20:10:03,14.15,75.58,72.91,85,100,11.65
566,Mahebourg,MU,2020-07-06 20:10:03,-20.41,57.7,73.4,94,75,4.7
567,Ostrovnoy,RU,2020-07-06 20:10:03,68.05,39.51,52.09,86,29,12.53
568,Kibondo,TZ,2020-07-06 20:10:03,-3.59,30.72,66.6,55,44,1.81
569,Camingawan,PH,2020-07-06 20:10:04,9.9,122.84,76.77,84,24,3.15
570,Lyngseidet,NO,2020-07-06 20:10:04,69.58,20.22,48.2,87,90,4.7
571,Hazorasp,UZ,2020-07-06 20:10:04,41.32,61.07,73.4,56,0,2.24
572,Santo Antonio Do Taua,BR,2020-07-06 20:10:04,-1.15,-48.13,91.4,52,40,8.05
573,Matara,LK,2020-07-06 20:10:05,5.95,80.54,78.28,87,100,9.57
574,Teknaf,BD,2020-07-06 20:10:06,20.86,92.31,80.69,87,100,9.46
575,Xuchang,CN,2020-07-06 20:10:06,34.02,113.82,78.8,83,11,2.24
576,Jalu,LY,2020-07-06 20:10:06,29.03,21.55,79.23,51,0,12.93
577,Pak Thong Chai,TH,2020-07-06 20:10:06,14.72,102.03,76.06,90,100,7.58
