City_ID,City,Country,Lat,Lng,Max Temp,Humidity,Cloudiness,Wind Speed,Current Description,Rain (Inches),Snow (Inches),Date
0,Mataura,NZ,-46.19,168.86,41.38,91,100,5.75,overcast clouds,0.0,0.0,2020-07-09 18:44:51
1,Hambantota,LK,6.12,81.12,78.8,100,40,3.36,scattered clouds,0.0,0.0,2020-07-09 18:44:51
2,Laguna,US,38.42,-121.42,84.99,43,0,1.01,clear sky,0.0,0.0,2020-07-09 18:44:51
3,Lebu,CL,-37.62,-73.65,53.69,93,100,24.94,light rain,0.0,0.0,2020-07-09 18:44:51
4,Mahebourg,MU,-20.41,57.7,71.6,68,75,17.22,light intensity shower rain,0.0,0.0,2020-07-09 18:44:52
5,Avarua,CK,-21.21,-159.78,75.2,73,20,10.29,few clouds,0.0,0.0,2020-07-09 18:44:52
6,Georgetown,MY,5.41,100.34,80.6,94,20,3.87,few clouds,0.0,0.0,2020-07-09 18:44:52
7,Punta Arenas,CL,-53.15,-70.92,37.4,77,99,23.04,overcast clouds,0.0,0.0,2020-07-09 18:40:07
8,Rafai,CF,4.95,23.92,70.45,95,55,1.45,broken clouds,0.0,0.0,2020-07-09 18:44:52
9,Vao,NC,-22.67,167.48,67.33,73,0,23.2,clear sky,0.0,0.0,2020-07-09 18:35:06
10,Paamiut,GL,61.99,-49.67,46.69,85,100,23.73,overcast clouds,0.0,0.0,2020-07-09 18:35:04
11,Ushuaia,AR,-54.8,-68.3,37.4,69,20,3.06,few clouds,0.0,0.0,2020-07-09 18:40:28
12,Birin,NP,26.89,88.07,78.8,94,75,3.36,broken clouds,0.0,0.0,2020-07-09 18:35:25
13,Ponta Do Sol,PT,32.67,-17.1,75.2,69,20,16.11,few clouds,0.0,0.0,2020-07-09 18:44:53
14,New Norfolk,AU,-42.78,147.06,35.01,91,31,1.99,scattered clouds,0.0,0.0,2020-07-09 18:44:53
15,Pisco,PE,-13.7,-76.22,66.2,68,90,12.75,overcast clouds,0.0,0.0,2020-07-09 18:41:58
16,Barrow,US,71.29,-156.79,39.2,80,40,11.41,scattered clouds,0.0,0.0,2020-07-09 18:40:02
17,Roma,US,43.21,-75.46,91.4,46,1,3.36,clear sky,0.0,0.0,2020-07-09 18:44:05
18,Port Alfred,ZA,-33.59,26.89,68.0,64,0,7.0,clear sky,0.0,0.0,2020-07-09 18:44:54
19,Karratha,AU,-20.74,116.85,66.22,26,0,11.54,clear sky,0.0,0.0,2020-07-09 18:35:15
20,Thompson,CA,55.74,-97.86,64.4,82,90,12.75,overcast clouds,0.0,0.0,2020-07-09 18:42:05
21,Upernavik,GL,72.79,-56.15,43.32,70,100,8.88,overcast clouds,0.0,0.0,2020-07-09 18:44:55
22,Sibolga,ID,1.74,98.78,78.03,71,100,2.24,overcast clouds,0.0,0.0,2020-07-09 18:44:55
23,Warwick,US,41.7,-71.42,90.0,62,75,10.29,haze,0.0,0.0,2020-07-09 18:44:55
24,Kokopo,PG,-4.35,152.26,77.07,79,66,5.93,broken clouds,0.0,0.0,2020-07-09 18:44:55
25,Esperance,AU,-33.87,121.9,46.4,87,75,5.82,broken clouds,0.0,0.0,2020-07-09 18:44:56
26,Albany,US,42.6,-73.97,93.0,47,1,4.27,clear sky,0.0,0.0,2020-07-09 18:44:56
27,Paranhos,BR,-23.89,-55.43,63.14,51,0,3.83,clear sky,0.0,0.0,2020-07-09 18:44:56
28,Nikolskoye,RU,59.7,30.79,60.01,62,20,11.18,few clouds,0.0,0.0,2020-07-09 18:44:56
29,Alice Springs,AU,-23.7,133.88,41.0,44,0,5.82,clear sky,0.0,0.0,2020-07-09 18:44:41
30,Rikitea,PF,-23.12,-134.97,68.22,64,6,16.98,clear sky,0.0,0.0,2020-07-09 18:44:57
31,Mahon,ES,39.89,4.27,77.0,69,8,9.17,clear sky,0.0,0.0,2020-07-09 18:44:57
32,Balkhash,KZ,46.84,74.98,75.47,44,17,16.91,few clouds,0.0,0.0,2020-07-09 18:44:57
33,Changying,CN,52.87,123.32,63.91,92,100,4.79,light rain,0.0,0.0,2020-07-09 18:44:57
34,Chifeng,CN,42.27,118.96,65.68,70,99,2.75,overcast clouds,0.0,0.0,2020-07-09 18:44:58
35,Namibe,AO,-15.2,12.15,64.47,79,0,8.88,clear sky,0.0,0.0,2020-07-09 18:44:58
36,Kloulklubed,PW,7.04,134.26,77.0,94,90,3.36,overcast clouds,0.0,0.0,2020-07-09 18:44:58
37,Port Lincoln,AU,-34.73,135.87,54.1,81,96,17.67,light rain,0.0,0.0,2020-07-09 18:44:59
38,Codrington,AU,-38.27,141.97,43.16,79,100,7.45,overcast clouds,0.0,0.0,2020-07-09 18:44:59
39,Hanesti,RO,47.92,26.98,66.99,72,93,6.93,overcast clouds,0.0,0.0,2020-07-09 18:44:59
40,Athabasca,CA,54.72,-113.29,69.15,61,78,5.61,light rain,0.0,0.0,2020-07-09 18:44:59
41,Souillac,MU,-20.52,57.52,71.6,68,75,17.22,light intensity shower rain,0.0,0.0,2020-07-09 18:45:00
42,Am Timan,TD,11.03,20.28,73.0,90,87,4.41,overcast clouds,0.0,0.0,2020-07-09 18:45:00
43,Khani,GE,41.96,42.96,71.6,94,75,2.24,broken clouds,0.0,0.0,2020-07-09 18:45:00
44,Havelock,US,34.88,-76.9,87.8,66,90,17.22,overcast clouds,0.0,0.0,2020-07-09 18:40:41
45,Caravelas,BR,-17.71,-39.25,77.45,67,0,8.21,clear sky,0.0,0.0,2020-07-09 18:45:00
46,Ubinskoye,RU,55.31,79.68,64.38,93,80,4.72,broken clouds,0.0,0.0,2020-07-09 18:45:01
47,Cape Town,ZA,-33.93,18.42,54.0,93,75,11.41,heavy intensity rain,0.3,0.0,2020-07-09 18:42:01
48,Isangel,VU,-19.55,169.27,68.0,88,90,17.47,overcast clouds,0.0,0.0,2020-07-09 18:45:01
49,Khetri,IN,27.98,75.8,90.41,49,0,15.35,clear sky,0.0,0.0,2020-07-09 18:45:01
50,Bredasdorp,ZA,-34.53,20.04,53.6,93,100,9.17,light rain,0.0,0.0,2020-07-09 18:45:01
51,Kilindoni,TZ,-7.91,39.67,77.45,83,6,14.99,light rain,0.0,0.0,2020-07-09 18:45:02
52,Anadyr,RU,64.75,177.48,60.8,59,100,15.66,light rain,0.0,0.0,2020-07-09 18:45:02
53,Chokurdakh,RU,70.63,147.92,45.1,80,99,11.12,overcast clouds,0.0,0.0,2020-07-09 18:45:02
54,Colombo,LK,6.93,79.85,82.4,83,40,6.93,scattered clouds,0.0,0.0,2020-07-09 18:45:03
55,Atuona,PF,-9.8,-139.03,79.59,77,4,15.05,clear sky,0.0,0.0,2020-07-09 18:45:03
56,Tuktoyaktuk,CA,69.45,-133.04,37.4,86,90,12.75,light intensity drizzle,0.0,0.0,2020-07-09 18:45:03
57,Hobart,AU,-42.88,147.33,37.4,93,0,9.17,clear sky,0.0,0.0,2020-07-09 18:42:14
58,Mehamn,NO,71.04,27.85,46.4,93,75,12.75,broken clouds,0.0,0.0,2020-07-09 18:45:04
59,Castro,BR,-24.79,-50.01,58.57,54,100,3.36,overcast clouds,0.0,0.0,2020-07-09 18:45:04
60,Dubti,ET,11.74,41.09,96.48,26,90,8.14,light rain,0.0,0.0,2020-07-09 18:45:04
61,Busselton,AU,-33.65,115.33,41.0,86,0,7.25,clear sky,0.0,0.0,2020-07-09 18:43:45
62,Harper,LR,4.38,-7.72,76.55,83,100,10.51,overcast clouds,0.0,0.0,2020-07-09 18:45:04
63,Gat,IL,31.61,34.76,81.0,69,0,5.84,clear sky,0.0,0.0,2020-07-09 18:45:05
64,Sitka,US,57.05,-135.33,55.4,93,90,3.36,light rain,0.0,0.0,2020-07-09 18:35:17
65,Jinchang,CN,38.5,102.17,72.48,30,0,10.27,clear sky,0.0,0.0,2020-07-09 18:45:05
66,East London,ZA,-33.02,27.91,70.7,52,0,15.95,clear sky,0.0,0.0,2020-07-09 18:45:05
67,Hermanus,ZA,-34.42,19.23,53.01,88,100,7.0,moderate rain,0.1,0.0,2020-07-09 18:45:05
68,Cockburn Town,TC,21.46,-71.14,86.0,74,40,17.22,scattered clouds,0.0,0.0,2020-07-09 18:34:59
69,Buchanan,LR,5.88,-10.05,77.0,94,75,4.7,light intensity drizzle,0.0,0.0,2020-07-09 18:45:06
70,Mocuba,MZ,-16.84,36.99,64.69,93,0,2.64,clear sky,0.0,0.0,2020-07-09 18:45:06
71,Ormond Beach,US,29.29,-81.06,93.99,59,40,10.29,scattered clouds,0.0,0.0,2020-07-09 18:45:06
72,Saint-Joseph,RE,-21.37,55.62,68.0,88,40,21.92,scattered clouds,0.0,0.0,2020-07-09 18:45:07
73,Rio Branco,BR,-9.97,-67.81,73.4,88,90,9.17,overcast clouds,0.0,0.0,2020-07-09 18:41:38
74,Chernyshevskiy,RU,63.01,112.47,56.01,97,100,2.46,overcast clouds,0.0,0.0,2020-07-09 18:45:07
75,Pangody,RU,65.85,74.49,53.92,65,0,17.52,clear sky,0.0,0.0,2020-07-09 18:45:07
76,Flinders,AU,-34.58,150.86,51.01,91,100,1.01,overcast clouds,0.0,0.0,2020-07-09 18:45:07
77,Port Elizabeth,ZA,-33.92,25.57,62.6,72,17,18.34,few clouds,0.0,0.0,2020-07-09 18:45:08
78,Chuy,UY,-33.7,-53.46,52.36,64,0,11.97,clear sky,0.0,0.0,2020-07-09 18:45:08
79,Nanortalik,GL,60.14,-45.24,45.75,93,100,13.04,moderate rain,0.1,0.0,2020-07-09 18:45:08
80,Petropavlovsk-Kamchatskiy,RU,53.05,158.65,55.4,100,90,4.47,mist,0.0,0.0,2020-07-09 18:44:31
81,Bluff,NZ,-46.6,168.33,49.86,78,100,17.63,light rain,0.0,0.0,2020-07-09 18:45:09
82,Bambous Virieux,MU,-20.34,57.76,72.0,68,75,17.22,light intensity shower rain,0.0,0.0,2020-07-09 18:45:09
83,Faya,SA,18.39,42.45,78.8,41,20,3.42,few clouds,0.0,0.0,2020-07-09 18:45:09
84,Saint-Philippe,RE,-21.36,55.77,69.8,88,40,21.92,scattered clouds,0.0,0.0,2020-07-09 18:45:09
85,Araouane,ML,18.9,-3.53,98.33,23,99,15.97,light rain,0.0,0.0,2020-07-09 18:45:09
86,Falciu,RO,46.3,28.14,73.2,43,67,6.55,broken clouds,0.0,0.0,2020-07-09 18:45:09
87,Jamestown,US,42.1,-79.24,87.8,48,40,6.93,scattered clouds,0.0,0.0,2020-07-09 18:43:59
88,Cherskiy,RU,68.75,161.3,57.79,83,55,4.36,broken clouds,0.0,0.0,2020-07-09 18:45:10
89,Severo-Kurilsk,RU,50.68,156.12,49.21,93,100,14.5,light rain,0.0,0.0,2020-07-09 18:45:10
90,Rocky Mountain House,CA,52.37,-114.92,64.62,70,100,11.45,light rain,0.0,0.0,2020-07-09 18:45:10
91,Nortelandia,BR,-14.45,-56.8,88.18,36,0,5.68,clear sky,0.0,0.0,2020-07-09 18:45:10
92,Yellowknife,CA,62.46,-114.35,66.0,55,75,9.17,broken clouds,0.0,0.0,2020-07-09 18:40:19
93,Luangwa,ZM,-15.62,30.42,66.67,71,0,3.4,clear sky,0.0,0.0,2020-07-09 18:45:11
94,Johi,PK,26.69,67.61,95.79,50,0,11.16,clear sky,0.0,0.0,2020-07-09 18:45:11
95,Alexandria,EG,31.22,29.96,78.28,82,62,10.67,broken clouds,0.0,0.0,2020-07-09 18:45:11
96,Puerto Ayora,EC,-0.74,-90.35,71.01,89,84,1.99,broken clouds,0.0,0.0,2020-07-09 18:45:11
97,Tupelo,US,34.26,-88.7,89.6,55,20,4.21,few clouds,0.0,0.0,2020-07-09 18:43:43
98,Kapaa,US,22.08,-159.32,78.8,78,90,19.46,light rain,0.0,0.0,2020-07-09 18:45:12
99,Lorengau,PG,-2.02,147.27,82.35,77,99,9.69,overcast clouds,0.0,0.0,2020-07-09 18:45:12
100,Qaanaaq,GL,77.48,-69.36,47.89,52,68,2.01,broken clouds,0.0,0.0,2020-07-09 18:45:12
101,Hilo,US,19.73,-155.09,77.0,78,90,6.93,overcast clouds,0.0,0.0,2020-07-09 18:45:12
102,Saskylakh,RU,71.92,114.08,47.39,72,74,9.8,broken clouds,0.0,0.0,2020-07-09 18:45:12
103,Waingapu,ID,-9.66,120.26,74.19,86,93,9.82,overcast clouds,0.0,0.0,2020-07-09 18:45:13
104,Wahiawa,US,21.5,-158.02,80.6,78,75,8.05,broken clouds,0.0,0.0,2020-07-09 18:45:13
105,Tiksi,RU,71.69,128.87,34.23,93,100,7.99,overcast clouds,0.0,0.0,2020-07-09 18:45:13
106,Haldibari,IN,26.33,88.77,78.8,94,75,3.36,broken clouds,0.0,0.0,2020-07-09 18:45:14
107,Etaples,FR,50.52,1.63,62.6,88,75,9.17,broken clouds,0.0,0.0,2020-07-09 18:45:14
108,Buraydah,SA,26.33,43.98,95.0,20,0,9.17,clear sky,0.0,0.0,2020-07-09 18:45:14
109,Vaini,TO,-21.2,-175.2,71.6,88,75,5.82,broken clouds,0.0,0.0,2020-07-09 18:45:14
110,Safford,US,32.83,-109.71,102.2,15,1,13.87,clear sky,0.0,0.0,2020-07-09 18:45:14
111,San Patricio,MX,19.22,-104.7,89.6,70,40,13.87,scattered clouds,0.0,0.0,2020-07-09 18:45:15
112,Svetlaya,RU,46.54,138.33,57.06,93,100,7.11,light rain,0.0,0.0,2020-07-09 18:45:15
113,Truth Or Consequences,US,33.13,-107.25,98.6,14,1,3.67,clear sky,0.0,0.0,2020-07-09 18:42:28
114,Juquia,BR,-24.32,-47.63,70.95,64,10,4.23,clear sky,0.0,0.0,2020-07-09 18:45:15
115,Ancud,CL,-41.87,-73.82,50.0,76,90,5.82,overcast clouds,0.0,0.0,2020-07-09 18:45:15
116,Boende,CD,-0.22,20.87,78.42,73,100,2.75,overcast clouds,0.0,0.0,2020-07-09 18:45:16
117,Bethel,US,41.37,-73.41,88.0,66,75,8.05,broken clouds,0.0,0.0,2020-07-09 18:45:16
118,Cabo San Lucas,MX,22.89,-109.91,88.0,70,40,11.41,scattered clouds,0.0,0.0,2020-07-09 18:42:28
119,Atambua,ID,-9.11,124.89,67.59,89,99,5.64,overcast clouds,0.0,0.0,2020-07-09 18:45:17
120,Nampula,MZ,-15.12,39.27,73.4,69,0,10.29,clear sky,0.0,0.0,2020-07-09 18:45:17
121,Chilchotla,MX,19.25,-97.18,73.47,41,99,8.66,overcast clouds,0.0,0.0,2020-07-09 18:45:17
122,East Wenatchee Bench,US,47.43,-120.28,73.0,37,1,8.05,clear sky,0.0,0.0,2020-07-09 18:45:17
123,Zhangjiakou,CN,40.81,114.88,59.68,87,25,6.46,light rain,0.0,0.0,2020-07-09 18:45:17
124,Brigantine,US,39.41,-74.36,84.2,70,40,9.17,scattered clouds,0.0,0.0,2020-07-09 18:40:40
125,Jamiltepec,MX,16.28,-97.82,93.56,41,67,6.42,broken clouds,0.0,0.0,2020-07-09 18:45:18
126,Itoman,JP,26.12,127.67,84.2,89,75,12.75,broken clouds,0.0,0.0,2020-07-09 18:45:18
127,Katsuura,JP,35.13,140.3,75.0,96,98,4.0,overcast clouds,0.0,0.0,2020-07-09 18:45:18
128,Baykalsk,RU,51.51,104.15,56.88,69,63,8.61,broken clouds,0.0,0.0,2020-07-09 18:45:18
129,Rafaela,AR,-31.25,-61.49,63.0,36,0,5.01,clear sky,0.0,0.0,2020-07-09 18:45:18
130,Porto Novo,BJ,6.5,2.6,78.8,88,40,8.05,scattered clouds,0.0,0.0,2020-07-09 18:35:23
131,Butaritari,KI,3.07,172.79,82.53,78,20,13.51,light rain,0.0,0.0,2020-07-09 18:45:19
132,Aklavik,CA,68.22,-135.01,42.8,81,90,14.99,shower rain,0.0,0.0,2020-07-09 18:40:35
133,Pandan,PH,14.05,124.17,80.44,81,100,6.06,overcast clouds,0.0,0.0,2020-07-09 18:35:37
134,Surt,LY,31.21,16.59,76.5,84,0,13.62,clear sky,0.0,0.0,2020-07-09 18:45:20
135,Sri Aman,MY,1.24,111.46,75.2,100,100,2.24,light rain,0.0,0.0,2020-07-09 18:45:20
136,Lompoc,US,34.64,-120.46,66.2,72,3,5.82,clear sky,0.0,0.0,2020-07-09 18:32:51
137,Salina Cruz,MX,16.17,-95.2,95.16,48,64,0.76,broken clouds,0.0,0.0,2020-07-09 18:45:20
138,Parana,AR,-31.73,-60.52,62.01,39,3,11.01,clear sky,0.0,0.0,2020-07-09 18:45:21
139,Kalmar,SE,56.66,16.36,59.0,77,69,9.17,broken clouds,0.0,0.0,2020-07-09 18:45:21
140,Ahipara,NZ,-35.17,173.17,48.96,81,61,0.51,broken clouds,0.0,0.0,2020-07-09 18:35:26
141,Palmer,US,42.16,-72.33,93.0,52,40,8.05,scattered clouds,0.0,0.0,2020-07-09 18:45:21
142,Bilibino,RU,68.05,166.44,58.71,80,68,7.87,light rain,0.0,0.0,2020-07-09 18:45:21
143,Wendo,ET,6.6,38.42,58.17,88,100,3.8,light rain,0.0,0.0,2020-07-09 18:45:21
144,Cayenne,GF,4.93,-52.33,84.2,70,100,9.17,light rain,0.0,0.0,2020-07-09 18:45:22
145,Hadgaon,IN,19.5,77.67,77.86,84,100,15.88,light rain,0.0,0.0,2020-07-09 18:45:22
146,Olafsvik,IS,64.89,-23.71,52.38,66,48,10.04,scattered clouds,0.0,0.0,2020-07-09 18:45:22
147,Sorland,NO,67.67,12.69,53.6,81,9,9.17,clear sky,0.0,0.0,2020-07-09 18:45:22
148,Hasaki,JP,35.73,140.83,75.2,94,75,2.24,broken clouds,0.0,0.0,2020-07-09 18:45:22
149,Enid,US,36.4,-97.88,87.8,58,1,27.51,clear sky,0.0,0.0,2020-07-09 18:45:23
150,Saint-Augustin,CA,51.23,-58.65,59.41,89,100,14.07,overcast clouds,0.0,0.0,2020-07-09 18:43:03
151,Kolyvan,RU,55.31,82.74,66.2,88,100,4.47,overcast clouds,0.0,0.0,2020-07-09 18:45:23
152,Dikson,RU,73.51,80.55,42.96,84,0,16.78,clear sky,0.0,0.0,2020-07-09 18:45:23
153,Montepuez,MZ,-13.13,39.0,67.48,78,0,5.3,clear sky,0.0,0.0,2020-07-09 18:45:23
154,Kompaniyivka,UA,48.25,32.21,62.1,71,3,5.26,clear sky,0.0,0.0,2020-07-09 18:45:23
155,Kahului,US,20.89,-156.47,82.4,61,20,16.11,few clouds,0.0,0.0,2020-07-09 18:40:58
156,Kodiak,US,57.79,-152.41,59.0,62,90,16.11,overcast clouds,0.0,0.0,2020-07-09 18:45:19
157,Necochea,AR,-38.55,-58.74,52.0,63,100,17.0,overcast clouds,0.0,0.0,2020-07-09 18:45:24
158,Lieksa,FI,63.32,30.02,56.16,76,0,7.05,clear sky,0.0,0.0,2020-07-09 18:45:24
159,Victoria,HK,22.29,114.16,86.0,74,100,11.99,overcast clouds,0.0,0.0,2020-07-09 18:41:17
160,Ponta Delgada,PT,37.73,-25.67,71.6,60,75,11.41,broken clouds,0.0,0.0,2020-07-09 18:45:25
161,Norwalk,US,33.9,-118.08,82.99,54,1,3.36,clear sky,0.0,0.0,2020-07-09 18:45:25
162,Muros,ES,42.78,-9.06,75.0,58,8,14.0,clear sky,0.0,0.0,2020-07-09 18:45:25
163,Saint George,US,37.1,-113.58,96.01,7,1,8.05,clear sky,0.0,0.0,2020-07-09 18:45:25
164,Chumikan,RU,54.72,135.31,47.08,94,90,5.61,overcast clouds,0.0,0.0,2020-07-09 18:45:26
165,Sao Filipe,CV,14.9,-24.5,76.8,82,15,18.54,few clouds,0.0,0.0,2020-07-09 18:45:26
166,Kibaya,TZ,-5.3,36.57,60.71,88,59,11.05,light rain,0.0,0.0,2020-07-09 18:45:26
167,Srednekolymsk,RU,67.45,153.68,58.17,78,13,3.91,few clouds,0.0,0.0,2020-07-09 18:45:27
168,Provideniya,RU,64.38,-173.3,51.87,79,2,2.48,clear sky,0.0,0.0,2020-07-09 18:45:27
169,Mizdah,LY,31.45,12.98,81.21,37,0,21.63,clear sky,0.0,0.0,2020-07-09 18:45:27
170,Ouallam,NE,14.32,2.09,97.56,28,8,12.91,clear sky,0.0,0.0,2020-07-09 18:45:27
171,Matagami,CA,49.75,-77.63,87.8,33,75,11.41,broken clouds,0.0,0.0,2020-07-09 18:45:27
172,Mar Del Plata,AR,-38.0,-57.56,54.0,40,100,8.05,overcast clouds,0.0,0.0,2020-07-09 18:45:27
173,Dhidhdhoo,MV,6.88,73.1,83.1,79,100,10.89,overcast clouds,0.0,0.0,2020-07-09 18:42:14
174,Ambilobe,MG,-13.2,49.05,71.17,62,0,10.74,clear sky,0.0,0.0,2020-07-09 18:45:28
175,Salekhard,RU,66.53,66.6,54.66,75,0,6.49,clear sky,0.0,0.0,2020-07-09 18:45:28
176,Faanui,PF,-16.48,-151.75,76.42,80,84,25.1,broken clouds,0.0,0.0,2020-07-09 18:45:28
177,Otavi,NA,-19.65,17.33,55.17,38,0,5.14,clear sky,0.0,0.0,2020-07-09 18:45:29
178,Honningsvag,NO,70.98,25.97,48.2,81,75,12.75,broken clouds,0.0,0.0,2020-07-09 18:45:29
179,Narsaq,GL,60.92,-46.05,50.0,87,90,8.05,shower rain,0.0,0.0,2020-07-09 18:45:29
180,Xuanzhou,CN,30.95,118.76,72.16,96,22,4.0,few clouds,0.0,0.0,2020-07-09 18:45:29
181,Portland,US,45.52,-122.68,70.0,68,75,3.36,broken clouds,0.0,0.0,2020-07-09 18:41:45
182,Kisangani,CD,0.52,25.2,75.87,79,6,2.21,light rain,0.0,0.0,2020-07-09 18:45:29
183,Axim,GH,4.87,-2.24,75.85,89,100,7.63,overcast clouds,0.0,0.0,2020-07-09 18:45:30
184,Dingle,PH,11.0,122.67,77.02,88,99,2.62,light rain,0.0,0.0,2020-07-09 18:45:30
185,San Cristobal,VE,7.77,-72.22,93.2,36,40,25.28,scattered clouds,0.0,0.0,2020-07-09 18:45:30
186,Puerto Del Rosario,ES,28.5,-13.86,75.2,73,9,18.34,clear sky,0.0,0.0,2020-07-09 18:45:17
187,Vaasa,FI,63.1,21.62,59.0,62,20,5.82,shower rain,0.0,0.0,2020-07-09 18:45:31
188,Novoagansk,RU,61.94,76.66,58.28,68,59,11.92,broken clouds,0.0,0.0,2020-07-09 18:45:31
189,Kidal,ML,18.44,1.41,95.5,20,100,8.12,overcast clouds,0.0,0.0,2020-07-09 18:45:31
190,Ribeira Grande,PT,38.52,-28.7,73.4,60,75,3.36,broken clouds,0.0,0.0,2020-07-09 18:45:31
191,Leningradskiy,RU,69.38,178.42,49.75,69,50,11.14,scattered clouds,0.0,0.0,2020-07-09 18:45:31
192,Flin Flon,CA,54.77,-101.86,60.8,87,75,12.75,light rain,0.0,0.0,2020-07-09 18:45:32
193,Norman Wells,CA,65.28,-126.83,60.8,67,75,9.17,broken clouds,0.0,0.0,2020-07-09 18:42:06
194,Hervey Bay,AU,-25.3,152.85,61.0,84,0,4.0,clear sky,0.0,0.0,2020-07-09 18:40:41
195,Chinsali,ZM,-10.54,32.08,62.51,81,1,7.83,clear sky,0.0,0.0,2020-07-09 18:45:33
196,Fairbanks,US,64.84,-147.72,57.2,87,90,4.7,overcast clouds,0.0,0.0,2020-07-09 18:45:33
197,Zhaotong,CN,27.32,103.72,63.46,93,100,3.42,light rain,0.0,0.0,2020-07-09 18:45:33
198,Deputatskiy,RU,69.3,139.9,48.61,86,43,2.08,scattered clouds,0.0,0.0,2020-07-09 18:45:33
199,Novomikhaylovskiy,RU,44.26,38.86,71.67,65,0,11.83,clear sky,0.0,0.0,2020-07-09 18:45:33
200,Coolum Beach,AU,-26.53,153.1,59.0,97,72,1.01,broken clouds,0.0,0.0,2020-07-09 18:45:34
201,Yabassi,CM,4.46,9.97,80.6,88,75,4.7,broken clouds,0.0,0.0,2020-07-09 18:45:34
202,Ostrovnoy,RU,68.05,39.51,52.34,95,100,7.16,overcast clouds,0.0,0.0,2020-07-09 18:45:34
203,Port Hardy,CA,50.7,-127.42,57.2,87,75,8.05,broken clouds,0.0,0.0,2020-07-09 18:45:35
204,Fortuna,US,40.6,-124.16,63.0,87,90,10.29,overcast clouds,0.0,0.0,2020-07-09 18:42:12
205,Tasiilaq,GL,65.61,-37.64,51.8,67,40,14.99,scattered clouds,0.0,0.0,2020-07-09 18:45:35
206,Waldoboro,US,44.1,-69.38,80.01,78,1,5.82,clear sky,0.0,0.0,2020-07-09 18:42:06
207,Bolpur,IN,23.67,87.72,84.79,74,98,7.76,overcast clouds,0.0,0.0,2020-07-09 18:45:35
208,Pevek,RU,69.7,170.31,45.91,97,100,6.51,moderate rain,0.0,0.0,2020-07-09 18:45:36
209,Alamosa,US,37.47,-105.87,82.4,10,1,3.36,clear sky,0.0,0.0,2020-07-09 18:45:36
210,Vangaindrano,MG,-23.35,47.6,64.47,84,5,4.25,clear sky,0.0,0.0,2020-07-09 18:45:36
211,Arraial Do Cabo,BR,-22.97,-42.03,75.2,78,40,14.99,scattered clouds,0.0,0.0,2020-07-09 18:45:36
212,Sistranda,NO,63.73,8.83,54.0,81,40,4.7,scattered clouds,0.0,0.0,2020-07-09 18:45:36
213,Bratsk,RU,56.13,101.61,55.4,93,93,2.24,overcast clouds,0.0,0.0,2020-07-09 18:45:37
214,Kruisfontein,ZA,-34.0,24.73,57.61,78,99,17.0,overcast clouds,0.0,0.0,2020-07-09 18:45:37
215,Cidreira,BR,-30.18,-50.21,55.33,61,0,16.02,clear sky,0.0,0.0,2020-07-09 18:45:25
216,Tautira,PF,-17.73,-149.15,77.0,65,20,2.24,few clouds,0.0,0.0,2020-07-09 18:45:37
217,Sisimiut,GL,66.94,-53.67,45.66,92,100,4.68,moderate rain,0.1,0.0,2020-07-09 18:45:37
218,Kourou,GF,5.16,-52.65,84.2,70,96,9.17,moderate rain,0.0,0.0,2020-07-09 18:44:30
219,Tocopilla,CL,-22.09,-70.2,67.62,47,8,1.48,clear sky,0.0,0.0,2020-07-09 18:45:38
220,Ornes,NO,66.87,13.71,55.0,81,40,4.7,scattered clouds,0.0,0.0,2020-07-09 18:45:38
221,Klaksvik,FO,62.23,-6.59,50.0,87,100,9.17,overcast clouds,0.0,0.0,2020-07-09 18:45:38
222,Bandarbeyla,SO,9.49,50.81,79.14,75,100,32.55,overcast clouds,0.0,0.0,2020-07-09 18:45:38
223,Rosita,NI,13.93,-84.4,72.9,96,100,2.66,light rain,0.0,0.0,2020-07-09 18:45:38
224,Kedrovyy,RU,56.17,91.82,59.0,87,100,2.24,overcast clouds,0.0,0.0,2020-07-09 18:45:39
225,College,US,64.86,-147.8,57.2,82,75,2.62,broken clouds,0.0,0.0,2020-07-09 18:43:19
226,Aripuana,BR,-9.17,-60.63,94.78,28,0,4.38,clear sky,0.0,0.0,2020-07-09 18:45:39
227,Jacareacanga,BR,-6.22,-57.75,95.0,44,1,6.93,clear sky,0.0,0.0,2020-07-09 18:45:39
228,Benghazi,LY,32.12,20.07,77.36,79,0,21.79,clear sky,0.0,0.0,2020-07-09 18:40:56
229,Milyutinskaya,RU,48.63,41.67,69.15,67,93,12.77,overcast clouds,0.0,0.0,2020-07-09 18:45:39
230,Huangmei,CN,30.19,116.03,75.45,87,100,4.38,overcast clouds,0.0,0.0,2020-07-09 18:45:40
231,Pacific Grove,US,36.62,-121.92,62.01,77,20,5.82,few clouds,0.0,0.0,2020-07-09 18:43:13
232,Zhenhai,CN,24.26,118.09,84.2,83,20,11.18,few clouds,0.0,0.0,2020-07-09 18:45:40
233,Carnarvon,AU,-24.87,113.63,55.4,47,98,11.41,overcast clouds,0.0,0.0,2020-07-09 18:40:47
234,Acapulco,MX,16.86,-99.89,86.0,70,75,9.17,broken clouds,0.0,0.0,2020-07-09 18:43:04
235,Askino,RU,56.09,56.58,72.19,86,0,1.36,clear sky,0.0,0.0,2020-07-09 18:45:40
236,Maceio,BR,-9.67,-35.74,80.6,74,75,6.93,broken clouds,0.0,0.0,2020-07-09 18:41:10
237,Skibotn,NO,69.39,20.27,57.2,87,20,3.36,few clouds,0.0,0.0,2020-07-09 18:45:41
238,Bagnara Calabra,IT,38.29,15.81,78.8,83,40,4.7,scattered clouds,0.0,0.0,2020-07-09 18:45:41
239,Ternate,ID,0.8,127.4,79.59,79,46,4.25,light rain,0.0,0.0,2020-07-09 18:45:41
240,Dunedin,NZ,-45.87,170.5,46.99,79,0,4.0,clear sky,0.0,0.0,2020-07-09 18:45:42
241,Khatanga,RU,71.97,102.5,53.11,65,3,18.37,clear sky,0.0,0.0,2020-07-09 18:45:42
242,Alta Floresta,BR,-9.88,-56.09,95.0,28,40,11.41,scattered clouds,0.0,0.0,2020-07-09 18:45:42
243,Tuatapere,NZ,-46.13,167.68,43.75,84,95,7.31,overcast clouds,0.0,0.0,2020-07-09 18:45:43
244,Shagamu,NG,6.84,3.65,78.8,94,20,4.7,few clouds,0.0,0.0,2020-07-09 18:45:43
245,Svetlogorsk,BY,52.63,29.73,55.53,79,0,4.25,clear sky,0.0,0.0,2020-07-09 18:45:43
246,Coihaique,CL,-45.58,-72.07,37.4,82,75,3.36,broken clouds,0.0,0.0,2020-07-09 18:45:43
247,Estelle,US,29.85,-90.11,95.0,66,40,6.93,scattered clouds,0.0,0.0,2020-07-09 18:41:52
248,Keningau,MY,5.34,116.16,77.0,94,20,2.24,few clouds,0.0,0.0,2020-07-09 18:45:44
249,Touros,BR,-5.2,-35.46,80.6,78,75,5.82,broken clouds,0.0,0.0,2020-07-09 18:40:45
250,Camacha,PT,33.08,-16.33,71.6,73,40,14.99,scattered clouds,0.0,0.0,2020-07-09 18:45:44
251,Alakurtti,RU,66.97,30.35,57.0,83,100,4.85,overcast clouds,0.0,0.0,2020-07-09 18:45:44
252,Airai,TL,-8.93,125.41,54.61,95,98,3.58,overcast clouds,0.0,0.0,2020-07-09 18:45:45
253,Zhigansk,RU,66.77,123.37,56.35,61,100,6.69,overcast clouds,0.0,0.0,2020-07-09 18:45:45
254,Lavrentiya,RU,65.58,-171.0,48.56,79,7,1.88,clear sky,0.0,0.0,2020-07-09 18:45:45
255,Clyde River,CA,70.47,-68.59,51.8,66,75,11.41,broken clouds,0.0,0.0,2020-07-09 18:45:45
256,Kirksville,US,40.19,-92.58,89.6,59,20,13.87,few clouds,0.0,0.0,2020-07-09 18:43:52
257,Sao Joao Da Barra,BR,-21.64,-41.05,82.4,54,0,16.11,clear sky,0.0,0.0,2020-07-09 18:45:23
258,Tiarei,PF,-17.53,-149.33,77.0,65,20,2.24,few clouds,0.0,0.0,2020-07-09 18:45:01
259,Ambulu,ID,-8.35,113.61,72.77,86,75,3.42,broken clouds,0.0,0.0,2020-07-09 18:45:46
260,Iskateley,RU,67.68,53.15,77.41,71,0,16.6,clear sky,0.0,0.0,2020-07-09 18:45:46
261,Saldanha,ZA,-33.01,17.94,53.6,93,100,5.82,moderate rain,0.0,0.0,2020-07-09 18:45:46
262,Sokoni,TZ,-6.43,39.55,77.97,81,0,14.9,clear sky,0.0,0.0,2020-07-09 18:45:47
263,Pedernales,DO,18.04,-71.74,91.4,66,40,17.22,scattered clouds,0.0,0.0,2020-07-09 18:45:47
264,Yarada,IN,17.65,83.27,84.2,89,75,10.29,mist,0.0,0.0,2020-07-09 18:45:27
265,Totma,RU,59.97,42.76,58.03,85,100,5.99,overcast clouds,0.0,0.0,2020-07-09 18:45:47
266,Hamilton,US,39.18,-84.53,95.0,49,40,4.12,thunderstorm,0.0,0.0,2020-07-09 18:45:14
267,Ntungamo,UG,-0.88,29.65,71.83,50,65,3.44,broken clouds,0.0,0.0,2020-07-09 18:45:47
268,Pitimbu,BR,-7.47,-34.81,82.4,74,40,12.75,scattered clouds,0.0,0.0,2020-07-09 18:45:48
269,Nelidovo,RU,56.22,32.78,52.02,78,0,4.54,clear sky,0.0,0.0,2020-07-09 18:45:48
270,Chambas,CU,22.19,-78.91,91.4,66,40,12.75,scattered clouds,0.0,0.0,2020-07-09 18:45:48
271,Mpika,ZM,-11.83,31.45,59.02,84,0,6.46,clear sky,0.0,0.0,2020-07-09 18:45:48
272,Ossora,RU,59.24,163.07,52.43,92,100,5.03,overcast clouds,0.0,0.0,2020-07-09 18:45:49
273,Scottsbluff,US,41.87,-103.67,84.0,42,1,8.05,clear sky,0.0,0.0,2020-07-09 18:45:49
274,Svetlyy,RU,54.67,20.13,60.8,77,40,4.47,scattered clouds,0.0,0.0,2020-07-09 18:45:49
275,Kavieng,PG,-2.57,150.8,82.13,76,9,7.07,clear sky,0.0,0.0,2020-07-09 18:45:49
276,Longyearbyen,SJ,78.22,15.64,46.4,81,75,10.29,light intensity drizzle,0.0,0.0,2020-07-09 18:42:35
277,Luderitz,NA,-26.65,15.16,57.2,76,52,8.05,broken clouds,0.0,0.0,2020-07-09 18:45:49
278,Marrakesh,MA,31.63,-8.01,96.8,20,0,9.17,clear sky,0.0,0.0,2020-07-09 18:42:11
279,Malaryta,BY,51.79,24.07,58.75,85,94,5.1,overcast clouds,0.0,0.0,2020-07-09 18:45:50
280,Santa Marta,CO,11.24,-74.2,86.0,74,40,9.17,scattered clouds,0.0,0.0,2020-07-09 18:43:20
281,Shenjiamen,CN,29.96,122.3,75.33,94,3,6.8,clear sky,0.0,0.0,2020-07-09 18:45:50
282,Yongan,CN,39.7,113.69,60.42,81,96,6.08,overcast clouds,0.0,0.0,2020-07-09 18:45:50
283,Padang,ID,-0.95,100.35,77.14,78,100,4.68,overcast clouds,0.0,0.0,2020-07-09 18:45:50
284,Tadine,NC,-21.55,167.88,67.35,80,24,20.87,few clouds,0.0,0.0,2020-07-09 18:45:51
285,Changji,CN,44.02,87.32,78.8,39,100,4.47,overcast clouds,0.0,0.0,2020-07-09 18:45:51
286,Payo,ID,-3.75,103.64,71.73,96,100,1.59,overcast clouds,0.0,0.0,2020-07-09 18:45:51
287,Maroantsetra,MG,-15.43,49.73,68.0,80,5,6.8,light rain,0.0,0.0,2020-07-09 18:45:51
288,Kunashak,RU,55.7,61.55,77.0,47,0,7.61,clear sky,0.0,0.0,2020-07-09 18:45:51
289,Hithadhoo,MV,-0.6,73.08,84.88,69,100,4.92,overcast clouds,0.0,0.0,2020-07-09 18:45:52
290,Marshall,US,34.38,-86.33,89.6,46,40,4.7,scattered clouds,0.0,0.0,2020-07-09 18:45:52
291,Hofn,IS,64.25,-15.21,55.24,62,100,9.53,overcast clouds,0.0,0.0,2020-07-09 18:45:52
292,Cam Ranh,VN,11.92,109.16,84.2,74,20,3.36,few clouds,0.0,0.0,2020-07-09 18:45:52
293,Bundaberg,AU,-24.85,152.35,59.0,82,75,8.05,broken clouds,0.0,0.0,2020-07-09 18:45:52
294,Copiapo,CL,-27.37,-70.33,64.4,48,0,10.29,clear sky,0.0,0.0,2020-07-09 18:44:43
295,Tucuman,AR,-26.82,-65.22,66.2,39,0,8.05,clear sky,0.0,0.0,2020-07-09 18:45:53
296,Ambon,ID,-3.7,128.18,79.0,14,100,11.07,light rain,0.0,0.0,2020-07-09 18:45:53
297,Vila Velha,BR,-20.33,-40.29,84.2,62,0,10.29,clear sky,0.0,0.0,2020-07-09 18:45:53
298,Saint-Pierre,RE,-21.34,55.48,68.0,88,40,21.92,scattered clouds,0.0,0.0,2020-07-09 18:45:53
299,Apollonia,GR,36.97,24.72,78.01,64,0,14.99,clear sky,0.0,0.0,2020-07-09 18:45:54
300,Avera,US,33.19,-82.53,87.8,66,40,9.17,scattered clouds,0.0,0.0,2020-07-09 18:41:45
301,Marsh Harbour,BS,26.54,-77.06,86.49,70,100,11.59,light rain,0.0,0.0,2020-07-09 18:45:54
302,Colac,AU,-38.33,143.58,45.0,97,100,3.24,overcast clouds,0.0,0.0,2020-07-09 18:41:04
303,Saint-Francois,FR,46.42,3.91,89.6,29,0,5.82,clear sky,0.0,0.0,2020-07-09 18:45:54
304,Tolaga Bay,NZ,-38.37,178.3,46.29,78,45,12.03,scattered clouds,0.0,0.0,2020-07-09 18:45:55
305,Sept-Iles,CA,50.2,-66.38,63.0,93,90,5.82,light rain,0.0,0.0,2020-07-09 18:41:41
306,Iqaluit,CA,63.75,-68.51,46.4,87,20,9.17,few clouds,0.0,0.0,2020-07-09 18:45:55
307,West Wendover,US,40.74,-114.07,82.4,20,1,6.93,clear sky,0.0,0.0,2020-07-09 18:41:47
308,Bubaque,GW,11.28,-15.83,82.76,82,63,15.82,broken clouds,0.0,0.0,2020-07-09 18:45:55
309,Rawlins,US,41.79,-107.24,81.0,10,1,9.17,clear sky,0.0,0.0,2020-07-09 18:45:56
310,Margate,GB,51.38,1.39,66.99,79,100,4.0,overcast clouds,0.0,0.0,2020-07-09 18:45:56
311,Vardo,NO,70.37,31.11,46.4,93,75,23.04,broken clouds,0.0,0.0,2020-07-09 18:45:56
312,Oron,NG,4.83,8.23,75.92,91,100,6.69,moderate rain,0.1,0.0,2020-07-09 18:45:56
313,Bosaso,SO,11.28,49.18,92.53,47,96,2.13,overcast clouds,0.0,0.0,2020-07-09 18:45:56
314,Melville,US,40.79,-73.42,89.01,58,1,10.29,clear sky,0.0,0.0,2020-07-09 18:45:57
315,Honiara,SB,-9.43,159.95,75.2,94,40,3.36,scattered clouds,0.0,0.0,2020-07-09 18:45:57
316,Kemise,ET,10.72,39.87,75.34,49,45,2.93,scattered clouds,0.0,0.0,2020-07-09 18:45:57
317,Cabedelo,BR,-6.98,-34.83,82.4,74,40,12.75,scattered clouds,0.0,0.0,2020-07-09 18:41:13
318,Ozark,US,37.02,-93.21,80.01,81,82,8.63,broken clouds,0.0,0.0,2020-07-09 18:43:56
319,Vestmannaeyjar,IS,63.44,-20.27,55.4,71,20,21.92,few clouds,0.0,0.0,2020-07-09 18:45:58
320,Tromso,NO,69.65,18.96,57.2,54,40,5.82,scattered clouds,0.0,0.0,2020-07-09 18:45:58
321,Husavik,IS,66.04,-17.34,50.0,66,75,28.86,broken clouds,0.0,0.0,2020-07-09 18:45:58
322,Lagoa,PT,39.05,-27.98,68.72,71,10,1.79,clear sky,0.0,0.0,2020-07-09 18:45:58
323,Grindavik,IS,63.84,-22.43,51.8,71,75,14.99,broken clouds,0.0,0.0,2020-07-09 18:45:58
324,Mjolby,SE,58.33,15.12,62.6,63,72,4.7,light intensity drizzle,0.0,0.0,2020-07-09 18:45:59
325,Beira,MZ,-19.84,34.84,71.6,88,0,5.82,clear sky,0.0,0.0,2020-07-09 18:45:59
326,Jumla,NP,29.27,82.18,63.84,71,100,1.45,overcast clouds,0.0,0.0,2020-07-09 18:45:59
327,Nara,JP,34.69,135.8,73.99,93,100,4.68,moderate rain,0.1,0.0,2020-07-09 18:41:31
328,Sturlic,BA,45.06,15.78,71.01,79,0,1.01,clear sky,0.0,0.0,2020-07-09 18:45:59
329,Severnoye,RU,56.35,78.36,65.79,97,100,3.51,light rain,0.0,0.0,2020-07-09 18:45:59
330,Nome,US,64.5,-165.41,57.99,67,1,2.95,clear sky,0.0,0.0,2020-07-09 18:46:00
331,Parkes,AU,-33.13,148.18,52.0,67,100,5.01,overcast clouds,0.0,0.0,2020-07-09 18:46:00
332,Languyan,PH,5.26,120.08,78.89,87,100,3.18,moderate rain,0.1,0.0,2020-07-09 18:46:00
333,Sabha,LY,27.04,14.43,86.54,17,0,6.29,clear sky,0.0,0.0,2020-07-09 18:46:00
334,Sinazongwe,ZM,-17.26,27.46,68.18,63,0,2.73,clear sky,0.0,0.0,2020-07-09 18:46:00
335,Mwinilunga,ZM,-11.74,24.43,61.61,40,0,3.4,clear sky,0.0,0.0,2020-07-09 18:46:01
336,Cisaat,ID,-6.29,105.97,70.74,97,100,2.44,overcast clouds,0.0,0.0,2020-07-09 18:46:01
337,Talcahuano,CL,-36.72,-73.12,53.6,93,90,11.41,light rain,0.0,0.0,2020-07-09 18:46:01
338,Venado Tuerto,AR,-33.75,-61.97,59.0,32,100,11.01,overcast clouds,0.0,0.0,2020-07-09 18:46:01
339,San Quintin,MX,30.48,-115.95,72.99,63,1,13.0,clear sky,0.0,0.0,2020-07-09 18:46:02
340,Awbari,LY,26.59,12.78,86.88,15,0,7.56,clear sky,0.0,0.0,2020-07-09 18:46:02
341,Nouadhibou,MR,20.93,-17.03,82.4,54,0,17.22,clear sky,0.0,0.0,2020-07-09 18:46:02
342,Salym,RU,60.06,71.48,61.79,95,6,6.51,clear sky,0.0,0.0,2020-07-09 18:46:02
343,Henties Bay,NA,-22.12,14.28,55.99,87,0,4.45,clear sky,0.0,0.0,2020-07-09 18:46:02
344,Tsabong,BW,-26.02,22.4,62.29,41,0,12.95,clear sky,0.0,0.0,2020-07-09 18:46:03
345,Cairns,AU,-16.92,145.77,71.6,88,75,9.17,broken clouds,0.0,0.0,2020-07-09 18:46:03
346,Marawi,PH,8.0,124.29,75.0,90,0,5.01,clear sky,0.0,0.0,2020-07-09 18:46:03
347,Camocim,BR,-2.9,-40.84,86.5,59,10,11.48,clear sky,0.0,0.0,2020-07-09 18:46:03
348,Miri,MY,4.41,114.01,75.2,100,40,6.93,scattered clouds,0.0,0.0,2020-07-09 18:46:03
349,Slave Lake,CA,55.28,-114.77,68.0,60,75,6.93,broken clouds,0.0,0.0,2020-07-09 18:46:04
350,Ulaangom,MN,49.98,92.07,64.22,49,2,4.0,clear sky,0.0,0.0,2020-07-09 18:46:04
351,Arawa,PG,-6.21,155.54,77.65,82,100,5.32,moderate rain,0.1,0.0,2020-07-09 18:46:04
352,Bereda,ES,43.27,-7.54,73.0,46,0,10.0,clear sky,0.0,0.0,2020-07-09 18:46:04
353,Rurrenabaque,BO,-14.44,-67.53,73.09,67,100,3.56,overcast clouds,0.0,0.0,2020-07-09 18:46:05
354,Kupang,ID,-10.17,123.58,73.98,83,100,9.98,overcast clouds,0.0,0.0,2020-07-09 18:46:05
355,Bathsheba,BB,13.22,-59.52,87.8,62,20,18.34,few clouds,0.0,0.0,2020-07-09 18:46:05
356,Kendal,GB,54.33,-2.75,63.0,86,53,1.01,light rain,0.0,0.0,2020-07-09 18:46:05
357,Porec,HR,45.23,13.59,78.8,61,0,4.7,clear sky,0.0,0.0,2020-07-09 18:46:05
358,Odienne,CI,9.51,-7.57,75.2,89,100,3.04,light rain,0.0,0.0,2020-07-09 18:46:06
359,Dong Xoai,VN,11.53,106.92,74.73,96,100,3.94,overcast clouds,0.0,0.0,2020-07-09 18:46:06
360,Batagay-Alyta,RU,67.8,130.41,52.81,82,6,1.07,clear sky,0.0,0.0,2020-07-09 18:46:06
361,Labelle,US,26.76,-81.44,97.0,47,1,8.05,clear sky,0.0,0.0,2020-07-09 18:46:06
362,Chapais,CA,49.78,-74.85,86.0,40,40,8.05,scattered clouds,0.0,0.0,2020-07-09 18:46:07
363,Homer,US,59.64,-151.55,55.4,87,75,3.36,broken clouds,0.0,0.0,2020-07-09 18:46:07
364,Shubarkuduk,KZ,49.14,56.49,78.4,39,0,11.23,clear sky,0.0,0.0,2020-07-09 18:46:07
365,Ciudad Bolivar,VE,8.12,-63.55,91.47,48,71,10.33,broken clouds,0.0,0.0,2020-07-09 18:46:07
366,High Level,CA,58.52,-117.14,68.0,72,75,4.7,broken clouds,0.0,0.0,2020-07-09 18:46:07
367,Goundam,ML,16.41,-3.67,94.68,32,65,10.63,broken clouds,0.0,0.0,2020-07-09 18:46:08
368,Miranda De Ebro,ES,42.69,-2.95,73.4,69,40,11.41,scattered clouds,0.0,0.0,2020-07-09 18:42:02
369,Mwingi,KE,-0.93,38.06,67.35,81,0,8.34,clear sky,0.0,0.0,2020-07-09 18:46:08
370,Yinchuan,CN,38.47,106.27,81.21,26,100,12.19,overcast clouds,0.0,0.0,2020-07-09 18:46:08
371,Presidencia Roque Saenz Pena,AR,-26.79,-60.44,63.05,44,0,6.93,clear sky,0.0,0.0,2020-07-09 18:46:09
372,Salalah,OM,17.02,54.09,82.4,88,75,4.7,broken clouds,0.0,0.0,2020-07-09 18:46:09
373,Arlit,NE,18.74,7.39,98.06,19,16,8.16,few clouds,0.0,0.0,2020-07-09 18:46:09
374,Northam,GB,51.03,-4.22,60.01,98,87,5.01,overcast clouds,0.0,0.0,2020-07-09 18:46:09
375,Constitucion,CL,-35.33,-72.42,54.57,60,66,5.73,broken clouds,0.0,0.0,2020-07-09 18:46:09
376,Aksarayskiy,RU,46.79,48.01,84.0,51,40,4.47,scattered clouds,0.0,0.0,2020-07-09 18:46:10
377,Ola,RU,59.58,151.28,51.84,95,100,0.47,light rain,0.0,0.0,2020-07-09 18:46:10
378,Ventspils,LV,57.39,21.56,57.2,76,20,6.93,few clouds,0.0,0.0,2020-07-09 18:46:10
379,Mao,ES,39.89,4.27,77.0,69,8,9.17,clear sky,0.0,0.0,2020-07-09 18:46:05
380,Shizunai,JP,42.33,142.37,61.97,78,0,2.62,clear sky,0.0,0.0,2020-07-09 18:46:11
381,Muisne,EC,0.6,-80.03,76.59,85,88,12.93,overcast clouds,0.0,0.0,2020-07-09 18:46:11
382,Myanaung,MM,18.28,95.32,78.85,83,100,6.33,overcast clouds,0.0,0.0,2020-07-09 18:46:11
383,Rio Grande,BR,-32.03,-52.1,59.0,51,40,11.41,scattered clouds,0.0,0.0,2020-07-09 18:43:24
384,Algiers,DZ,36.75,3.04,82.4,61,40,6.93,scattered clouds,0.0,0.0,2020-07-09 18:46:11
385,Belyy Yar,RU,53.6,91.39,66.2,77,100,11.18,moderate rain,0.0,0.0,2020-07-09 18:46:12
386,Hay River,CA,60.82,-115.8,60.8,87,90,4.7,light rain,0.0,0.0,2020-07-09 18:45:16
387,Ningxiang,CN,37.34,111.21,69.66,70,100,7.09,light rain,0.0,0.0,2020-07-09 18:46:12
388,Srivardhan,IN,18.03,73.02,80.89,84,100,7.36,light rain,0.0,0.0,2020-07-09 18:46:12
389,The Valley,AI,18.22,-63.06,89.6,59,20,12.75,few clouds,0.0,0.0,2020-07-09 18:41:49
390,Belmonte,BR,-15.86,-38.88,77.0,73,75,8.05,broken clouds,0.0,0.0,2020-07-09 18:46:13
391,Simnas,LT,54.4,23.65,59.0,72,96,3.36,overcast clouds,0.0,0.0,2020-07-09 18:46:13
392,Talnakh,RU,69.49,88.4,59.0,82,1,24.61,clear sky,0.0,0.0,2020-07-09 18:46:13
393,Jalu,LY,29.03,21.55,86.77,28,0,4.07,clear sky,0.0,0.0,2020-07-09 18:46:13
394,Sur,OM,22.57,59.53,89.22,55,88,17.54,overcast clouds,0.0,0.0,2020-07-09 18:46:13
395,Sangolqui,EC,-0.33,-78.45,55.0,79,84,1.01,light rain,0.0,0.0,2020-07-09 18:46:13
396,Aviles,ES,43.55,-5.92,71.01,82,20,5.82,few clouds,0.0,0.0,2020-07-09 18:46:14
397,Xiaoweizhai,CN,26.19,107.51,70.57,93,100,2.21,light rain,0.0,0.0,2020-07-09 18:46:14
398,Eregli,TR,37.51,34.05,73.8,46,0,7.52,clear sky,0.0,0.0,2020-07-09 18:46:14
399,Eureka,US,40.8,-124.16,66.0,100,12,3.0,few clouds,0.0,0.0,2020-07-09 18:46:14
400,Vanimo,PG,-2.67,141.3,77.43,87,98,6.64,overcast clouds,0.0,0.0,2020-07-09 18:46:15
401,Aykhal,RU,66.0,111.5,59.0,62,90,8.95,light intensity shower rain,0.0,0.0,2020-07-09 18:46:15
402,Kosa,RU,59.94,55.0,72.84,85,0,4.16,clear sky,0.0,0.0,2020-07-09 18:46:15
403,Mayo,US,38.89,-76.51,87.01,74,1,5.82,clear sky,0.0,0.0,2020-07-09 18:46:15
404,Cozumel,MX,20.51,-86.95,89.6,70,40,9.17,scattered clouds,0.0,0.0,2020-07-09 18:46:15
405,Asau,RO,46.43,26.4,66.99,77,0,1.68,clear sky,0.0,0.0,2020-07-09 18:46:16
406,Torbay,CA,47.67,-52.73,63.0,59,75,10.29,broken clouds,0.0,0.0,2020-07-09 18:45:13
407,Comodoro Rivadavia,AR,-45.87,-67.5,44.6,65,75,6.93,broken clouds,0.0,0.0,2020-07-09 18:46:16
408,Port Blair,IN,11.67,92.75,81.43,82,100,11.88,light rain,0.0,0.0,2020-07-09 18:46:16
409,Takoradi,GH,4.88,-1.76,76.08,88,100,8.08,overcast clouds,0.0,0.0,2020-07-09 18:46:16
410,High Rock,BS,26.62,-78.28,87.8,74,75,10.29,broken clouds,0.0,0.0,2020-07-09 18:46:16
411,Bergen,NO,60.39,5.33,59.0,62,20,16.11,few clouds,0.0,0.0,2020-07-09 18:46:17
412,Waipawa,NZ,-41.41,175.52,44.01,87,16,5.82,few clouds,0.0,0.0,2020-07-09 18:46:17
413,Sirajganj,BD,24.45,89.72,84.06,83,100,23.0,moderate rain,0.1,0.0,2020-07-09 18:46:17
414,Nova Granada,BR,-20.53,-49.31,71.6,46,40,6.93,scattered clouds,0.0,0.0,2020-07-09 18:46:17
415,Bowen,AU,-20.02,148.23,66.99,93,40,8.05,scattered clouds,0.0,0.0,2020-07-09 18:43:35
416,Maldonado,UY,-34.67,-54.92,55.4,58,40,14.99,scattered clouds,0.0,0.0,2020-07-09 18:43:41
417,Pangkalanbuun,ID,-2.68,111.62,74.14,98,100,1.52,moderate rain,0.0,0.0,2020-07-09 18:46:18
418,Tateyama,JP,34.98,139.87,75.0,96,100,4.0,overcast clouds,0.0,0.0,2020-07-09 18:46:18
419,Tipuani,BO,-15.56,-68.02,81.09,53,100,4.81,overcast clouds,0.0,0.0,2020-07-09 18:46:18
420,Lincoln,US,40.8,-96.67,84.0,54,1,12.75,light rain,0.0,0.0,2020-07-09 18:43:28
421,Rach Gia,VN,10.02,105.08,81.5,81,100,7.11,overcast clouds,0.0,0.0,2020-07-09 18:46:19
422,Port Macquarie,AU,-31.43,152.92,51.01,97,99,5.21,overcast clouds,0.0,0.0,2020-07-09 18:46:19
423,Statesville,US,35.78,-80.89,84.99,65,75,10.29,broken clouds,0.0,0.0,2020-07-09 18:45:35
424,Acajutla,SV,13.59,-89.83,87.8,55,20,5.97,few clouds,0.0,0.0,2020-07-09 18:45:49
425,Rantepao,ID,-2.97,119.9,65.23,89,99,1.52,overcast clouds,0.0,0.0,2020-07-09 18:46:20
426,Sinnamary,GF,5.38,-52.95,82.18,79,58,5.88,light rain,0.0,0.0,2020-07-09 18:46:20
427,Anju,KP,39.62,125.66,68.49,83,100,4.43,overcast clouds,0.0,0.0,2020-07-09 18:46:20
428,Tessalit,ML,20.2,1.01,96.58,18,99,2.71,overcast clouds,0.0,0.0,2020-07-09 18:46:20
429,Logan,US,41.74,-111.83,81.0,29,1,5.82,clear sky,0.0,0.0,2020-07-09 18:46:20
430,Fort-Shevchenko,KZ,44.51,50.26,82.18,59,12,10.51,few clouds,0.0,0.0,2020-07-09 18:46:21
431,Kitimat,CA,54.05,-128.65,64.4,59,75,4.7,broken clouds,0.0,0.0,2020-07-09 18:45:14
432,Nagapattinam,IN,10.77,79.83,83.01,74,100,11.03,moderate rain,0.1,0.0,2020-07-09 18:45:10
433,Verkhoyansk,RU,67.54,133.38,55.63,70,96,3.96,overcast clouds,0.0,0.0,2020-07-09 18:46:21
434,Kamenka,RU,51.32,42.77,66.99,78,56,4.0,light rain,0.0,0.0,2020-07-09 18:46:21
435,Sal Rei,CV,16.18,-22.92,82.4,69,75,17.22,broken clouds,0.0,0.0,2020-07-09 18:46:22
436,Port Shepstone,ZA,-30.74,30.45,69.78,44,85,5.79,overcast clouds,0.0,0.0,2020-07-09 18:46:22
437,Meulaboh,ID,4.14,96.13,76.75,81,100,4.34,overcast clouds,0.0,0.0,2020-07-09 18:46:22
438,Zhoucheng,CN,35.91,116.31,71.96,80,100,3.56,overcast clouds,0.0,0.0,2020-07-09 18:46:22
439,Shasta Lake,US,40.68,-122.37,95.0,22,0,1.01,clear sky,0.0,0.0,2020-07-09 18:46:22
440,Yar-Sale,RU,66.83,70.83,54.79,71,0,9.46,clear sky,0.0,0.0,2020-07-09 18:46:23
441,Guerrero Negro,MX,27.98,-114.06,81.46,40,15,10.56,few clouds,0.0,0.0,2020-07-09 18:46:23
442,Severo-Yeniseyskiy,RU,60.37,93.04,45.01,95,97,6.64,overcast clouds,0.0,0.0,2020-07-09 18:46:23
443,Hovd,MN,48.01,91.64,60.22,51,20,2.95,few clouds,0.0,0.0,2020-07-09 18:46:23
444,Maputo,MZ,-25.97,32.59,68.0,82,0,12.75,clear sky,0.0,0.0,2020-07-09 18:46:23
445,Sioux Lookout,CA,50.1,-91.92,77.0,73,75,9.17,broken clouds,0.0,0.0,2020-07-09 18:43:03
446,Kathu,TH,7.92,98.33,84.99,100,40,4.47,scattered clouds,0.0,0.0,2020-07-09 18:46:24
447,Malakal,SS,9.53,31.66,76.98,75,100,3.71,overcast clouds,0.0,0.0,2020-07-09 18:46:24
448,Aswan,EG,24.09,32.91,93.06,19,0,8.34,clear sky,0.0,0.0,2020-07-09 18:46:24
449,Syracuse,IT,37.09,15.28,80.6,78,40,12.75,scattered clouds,0.0,0.0,2020-07-09 18:41:58
450,Dickson,US,36.08,-87.39,91.0,62,40,3.36,scattered clouds,0.0,0.0,2020-07-09 18:45:20
451,Sydney,AU,-33.87,151.21,54.0,93,100,4.7,overcast clouds,0.0,0.0,2020-07-09 18:41:46
452,Merrill,US,45.18,-89.68,75.2,88,75,6.93,light rain,0.0,0.0,2020-07-09 18:46:25
453,Thessalon,CA,46.25,-83.57,87.8,48,40,6.93,scattered clouds,0.0,0.0,2020-07-09 18:46:25
454,Caconda,AO,-13.73,15.07,56.95,31,0,5.93,clear sky,0.0,0.0,2020-07-09 18:46:25
455,La Ronge,CA,55.1,-105.28,66.2,68,90,6.93,overcast clouds,0.0,0.0,2020-07-09 18:46:26
456,Biloela,AU,-24.42,150.5,55.24,86,0,9.24,clear sky,0.0,0.0,2020-07-09 18:46:26
457,Weiser,US,44.25,-116.97,82.0,30,1,3.36,clear sky,0.0,0.0,2020-07-09 18:46:26
458,Tovste,UA,48.85,25.73,66.0,71,100,1.99,overcast clouds,0.0,0.0,2020-07-09 18:46:26
459,Hirara,JP,24.8,125.28,84.51,83,96,21.99,overcast clouds,0.0,0.0,2020-07-09 18:46:26
460,Najran,SA,17.49,44.13,93.2,13,43,4.7,scattered clouds,0.0,0.0,2020-07-09 18:46:27
461,Broome,US,42.25,-75.83,93.0,58,40,6.93,scattered clouds,0.0,0.0,2020-07-09 18:46:27
462,Bengkulu,ID,-3.8,102.27,75.33,90,100,7.83,light rain,0.0,0.0,2020-07-09 18:46:27
463,Kalga,RU,50.93,118.9,60.26,66,32,3.85,scattered clouds,0.0,0.0,2020-07-09 18:46:27
464,Malampaka,TZ,-3.13,33.53,73.33,51,37,14.99,scattered clouds,0.0,0.0,2020-07-09 18:46:27
465,Valley City,US,46.92,-98.0,75.2,57,1,23.04,clear sky,0.0,0.0,2020-07-09 18:45:02
466,Saryagash,KZ,41.45,69.17,84.2,30,20,9.17,few clouds,0.0,0.0,2020-07-09 18:46:28
467,Yulara,AU,-25.24,130.99,42.8,35,0,3.36,clear sky,0.0,0.0,2020-07-09 18:46:28
468,Matipo,BR,-20.28,-42.34,75.0,58,0,1.16,clear sky,0.0,0.0,2020-07-09 18:46:28
469,Uglovskoye,RU,51.36,80.19,69.57,70,0,5.32,clear sky,0.0,0.0,2020-07-09 18:46:28
470,Heihe,CN,50.24,127.49,68.0,77,40,4.47,scattered clouds,0.0,0.0,2020-07-09 18:46:29
471,Vagur,FO,61.47,-6.81,50.92,82,97,12.44,overcast clouds,0.0,0.0,2020-07-09 18:46:29
472,Mazamari,PE,-11.33,-74.53,72.34,78,100,2.21,light rain,0.0,0.0,2020-07-09 18:46:29
473,Itaberai,BR,-16.02,-49.81,83.55,32,0,6.53,clear sky,0.0,0.0,2020-07-09 18:46:29
474,Peace River,CA,56.25,-117.29,66.2,63,75,4.7,broken clouds,0.0,0.0,2020-07-09 18:42:05
475,Turinsk,RU,58.05,63.7,72.7,72,0,5.46,clear sky,0.0,0.0,2020-07-09 18:46:30
476,Merauke,ID,-8.47,140.33,77.41,86,82,14.45,broken clouds,0.0,0.0,2020-07-09 18:46:30
477,Akyab,MM,20.15,92.9,82.29,82,100,12.3,light rain,0.0,0.0,2020-07-09 18:46:30
478,Nizip,TR,37.01,37.79,82.4,45,0,6.93,clear sky,0.0,0.0,2020-07-09 18:46:30
479,Oum Hadjer,TD,13.3,19.7,79.59,62,100,26.93,moderate rain,0.1,0.0,2020-07-09 18:46:30
480,La Libertad,EC,-2.23,-80.9,72.28,78,49,11.12,scattered clouds,0.0,0.0,2020-07-09 18:46:31
481,Srandakan,ID,-7.94,110.25,74.57,86,99,5.23,overcast clouds,0.0,0.0,2020-07-09 18:46:31
482,Dhali,IN,10.5,77.17,75.2,94,75,9.17,light intensity drizzle,0.0,0.0,2020-07-09 18:46:31
483,Nautla,MX,20.22,-96.78,90.82,57,26,12.1,scattered clouds,0.0,0.0,2020-07-09 18:46:04
484,Zilair,RU,52.23,57.44,65.12,78,0,4.5,clear sky,0.0,0.0,2020-07-09 18:46:32
485,Tsiroanomandidy,MG,-18.77,46.03,58.75,65,0,4.32,clear sky,0.0,0.0,2020-07-09 18:46:32
486,Kununurra,AU,-15.77,128.73,55.4,36,99,9.19,overcast clouds,0.0,0.0,2020-07-09 18:46:32
487,Muriwai Beach,NZ,-36.82,174.45,39.0,93,34,2.24,scattered clouds,0.0,0.0,2020-07-09 18:46:32
488,Mandurah,AU,-32.55,115.7,60.01,99,0,9.24,clear sky,0.0,0.0,2020-07-09 18:46:32
489,Rockland,US,41.17,-74.05,91.99,60,55,4.47,broken clouds,0.0,0.0,2020-07-09 18:45:32
490,Melivoia,GR,39.75,22.8,78.8,47,20,9.17,few clouds,0.0,0.0,2020-07-09 18:46:33
491,Ocos,GT,14.51,-92.19,91.4,66,40,5.82,scattered clouds,0.0,0.0,2020-07-09 18:46:33
492,Aksarka,RU,66.56,67.8,52.72,77,0,7.23,clear sky,0.0,0.0,2020-07-09 18:46:33
493,Farmington,US,36.73,-108.22,91.0,10,1,11.41,clear sky,0.0,0.0,2020-07-09 18:43:11
494,Nacala,MZ,-14.54,40.67,70.16,91,0,5.35,clear sky,0.0,0.0,2020-07-09 18:46:34
495,Ust-Ishim,RU,57.69,71.17,66.61,96,100,4.76,overcast clouds,0.0,0.0,2020-07-09 18:46:34
496,Penzance,GB,50.12,-5.54,57.2,93,75,10.29,broken clouds,0.0,0.0,2020-07-09 18:46:34
497,Gisborne,NZ,-38.65,178.0,48.0,57,0,4.0,clear sky,0.0,0.0,2020-07-09 18:46:34
498,San Policarpo,PH,12.18,125.51,81.52,79,100,5.99,overcast clouds,0.0,0.0,2020-07-09 18:46:35
499,Kakonko,TZ,-3.28,30.96,72.93,40,70,2.15,broken clouds,0.0,0.0,2020-07-09 18:46:35
500,Bani,DO,18.28,-70.33,93.2,52,40,11.41,scattered clouds,0.0,0.0,2020-07-09 18:46:35
501,Sumbe,AO,-11.21,13.84,71.51,86,4,8.05,clear sky,0.0,0.0,2020-07-09 18:46:35
502,Keuruu,FI,62.27,24.7,55.4,71,20,5.82,few clouds,0.0,0.0,2020-07-09 18:46:35
503,Pangoa,PE,-12.12,-73.0,69.51,95,100,3.31,moderate rain,0.1,0.0,2020-07-09 18:46:35
504,Nardaran,AZ,40.56,50.01,80.6,65,22,20.8,few clouds,0.0,0.0,2020-07-09 18:46:36
505,Cornwall,CA,45.02,-74.73,93.2,41,1,4.7,clear sky,0.0,0.0,2020-07-09 18:42:02
506,Kayerkan,RU,69.35,87.76,59.0,82,0,24.61,clear sky,0.0,0.0,2020-07-09 18:46:36
507,Progreso,MX,21.28,-89.67,95.0,55,75,9.17,broken clouds,0.0,0.0,2020-07-09 18:46:36
508,Uruzgan,AF,32.83,66.0,66.0,21,0,2.26,clear sky,0.0,0.0,2020-07-09 18:46:36
509,Mchinji,MW,-13.8,32.88,60.19,86,33,2.59,scattered clouds,0.0,0.0,2020-07-09 18:46:37
510,Dali,CN,25.7,100.18,63.84,85,100,5.88,overcast clouds,0.0,0.0,2020-07-09 18:46:37
511,Mafeteng,LS,-29.82,27.24,49.41,64,0,12.37,clear sky,0.0,0.0,2020-07-09 18:46:37
512,Kinwat,IN,19.63,78.2,79.86,80,97,13.85,overcast clouds,0.0,0.0,2020-07-09 18:46:37
513,Pahrump,US,36.21,-115.98,93.99,10,0,8.01,clear sky,0.0,0.0,2020-07-09 18:46:37
514,Genhe,CN,50.78,121.52,57.96,80,88,2.73,overcast clouds,0.0,0.0,2020-07-09 18:46:37
515,Shebunino,RU,46.43,141.86,60.73,94,100,3.2,overcast clouds,0.0,0.0,2020-07-09 18:46:38
516,Havoysund,NO,71.0,24.66,48.2,81,75,12.75,broken clouds,0.0,0.0,2020-07-09 18:46:38
517,Ruteng,ID,-8.61,120.47,59.5,100,40,1.25,scattered clouds,0.0,0.0,2020-07-09 18:46:38
518,Eyl,SO,7.98,49.82,81.01,66,100,28.19,overcast clouds,0.0,0.0,2020-07-09 18:46:38
519,Piacabucu,BR,-10.41,-36.43,78.48,82,44,10.29,scattered clouds,0.0,0.0,2020-07-09 18:46:38
520,Coruripe,BR,-10.13,-36.18,79.0,79,5,10.38,clear sky,0.0,0.0,2020-07-09 18:46:39
521,Seoul,KR,37.57,126.98,78.8,65,1,6.26,clear sky,0.0,0.0,2020-07-09 18:44:17
522,Kamphaeng Phet,TH,16.48,99.52,79.12,86,100,3.09,overcast clouds,0.0,0.0,2020-07-09 18:46:39
523,Koulikoro,ML,14.0,-7.75,84.74,59,18,16.82,light rain,0.0,0.0,2020-07-09 18:46:39
524,Altay,CN,47.87,88.12,60.17,58,0,3.04,clear sky,0.0,0.0,2020-07-09 18:46:40
525,Sokolka,PL,53.41,23.5,63.0,58,100,7.0,overcast clouds,0.0,0.0,2020-07-09 18:46:40
526,Tigre,AR,-34.43,-58.58,59.0,33,0,12.75,clear sky,0.0,0.0,2020-07-09 18:46:40
527,Mahanoro,MG,-19.9,48.8,67.03,74,96,2.75,light rain,0.0,0.0,2020-07-09 18:46:40
528,Tecpan,GT,14.76,-90.99,77.0,53,40,16.11,scattered clouds,0.0,0.0,2020-07-09 18:46:40
529,Ozubulu,NG,5.96,6.85,73.27,97,100,6.67,moderate rain,0.1,0.0,2020-07-09 18:46:41
530,Lata,PT,40.16,-8.33,79.0,63,0,4.0,clear sky,0.0,0.0,2020-07-09 18:46:41
531,Itarema,BR,-2.92,-39.92,83.26,68,0,16.06,clear sky,0.0,0.0,2020-07-09 18:46:41
532,Praia Da Vitoria,PT,38.73,-27.07,73.4,69,75,5.99,broken clouds,0.0,0.0,2020-07-09 18:46:41
533,Tayu,ID,-6.54,111.05,76.5,82,100,6.8,overcast clouds,0.0,0.0,2020-07-09 18:46:42
534,Ardesen,TR,41.19,40.99,69.8,88,20,6.93,few clouds,0.0,0.0,2020-07-09 18:46:42
535,Bezopasnoye,RU,45.65,41.94,71.01,68,37,8.95,scattered clouds,0.0,0.0,2020-07-09 18:46:42
536,Humberto De Campos,BR,-2.6,-43.46,86.02,63,0,3.78,clear sky,0.0,0.0,2020-07-09 18:46:42
537,Oranjestad,AW,12.52,-70.03,89.6,62,20,24.16,few clouds,0.0,0.0,2020-07-09 18:44:33
538,Sidney,AU,-33.87,151.21,54.0,93,100,4.7,overcast clouds,0.0,0.0,2020-07-09 18:41:46
539,Csongrad,HU,46.71,20.14,80.6,44,0,2.24,clear sky,0.0,0.0,2020-07-09 18:46:43
540,Bichena,ET,10.45,38.2,56.75,88,11,5.7,light rain,0.0,0.0,2020-07-09 18:46:43
541,Tashtyp,RU,52.79,89.9,61.5,75,100,4.72,light rain,0.0,0.0,2020-07-09 18:46:43
542,Mercedes,AR,-34.65,-59.43,57.99,42,0,8.01,clear sky,0.0,0.0,2020-07-09 18:46:43
543,Terny,UA,50.98,33.98,56.7,90,0,6.2,clear sky,0.0,0.0,2020-07-09 18:46:44
544,Alofi,NU,-19.06,-169.92,71.6,100,73,2.24,light rain,0.0,0.0,2020-07-09 18:46:44
545,Vilyuysk,RU,63.76,121.62,58.69,70,100,6.73,overcast clouds,0.0,0.0,2020-07-09 18:46:45
546,Couva,TT,10.42,-61.47,89.6,55,20,11.41,few clouds,0.0,0.0,2020-07-09 18:46:45
547,Chateau-Thierry,FR,49.05,3.4,80.01,43,0,3.0,clear sky,0.0,0.0,2020-07-09 18:46:46
548,At-Bashi,KG,41.17,75.81,54.01,62,100,0.81,overcast clouds,0.0,0.0,2020-07-09 18:46:46
549,Manono,CD,-7.3,27.42,77.56,34,0,4.36,clear sky,0.0,0.0,2020-07-09 18:46:38
550,Chelmek,PL,50.1,19.25,66.99,82,19,5.97,few clouds,0.0,0.0,2020-07-09 18:46:46
551,Razdolinsk,RU,58.42,94.67,48.29,84,70,1.32,broken clouds,0.0,0.0,2020-07-09 18:46:47
552,Waterloo,CA,43.47,-80.52,93.2,41,20,11.41,few clouds,0.0,0.0,2020-07-09 18:45:02
553,Chalchihuites,MX,23.48,-103.88,75.83,38,75,3.06,broken clouds,0.0,0.0,2020-07-09 18:46:47
554,Kerrville,US,30.05,-99.14,84.0,74,90,8.05,overcast clouds,0.0,0.0,2020-07-09 18:46:47
